timestamp, name, id, daily, average, vol
1576051200000,Blade_of_saeldor_(inactive),23997,78409380,86491984,36
1571814000000,Blade_of_saeldor_(inactive),23997,77092164,76376277,76
1567407600000,Blade_of_saeldor_(inactive),23997,106357095,124426644,108
1566889200000,Blade_of_saeldor_(inactive),23997,120010493,127250154,8
1567494000000,Blade_of_saeldor_(inactive),23997,102445864,124198276,37
1577952000000,Blade_of_saeldor_(inactive),23997,80467982,76848832,62
1573545600000,Blade_of_saeldor_(inactive),23997,89732594,82577583,52
1574582400000,Blade_of_saeldor_(inactive),23997,94098443,88398536,62
1568790000000,Blade_of_saeldor_(inactive),23997,100489211,112043621,79
1574496000000,Blade_of_saeldor_(inactive),23997,95351288,87919481,58
1578038400000,Blade_of_saeldor_(inactive),23997,80467982,76889696,37
1568185200000,Blade_of_saeldor_(inactive),23997,102934041,120476447,51
1576915200000,Blade_of_saeldor_(inactive),23997,75811591,81416765,98
1580112000000,Blade_of_saeldor_(inactive),23997,94782900,83157662,68
1570345200000,Blade_of_saeldor_(inactive),23997,68220896,91190157,81
1566025200000,Blade_of_saeldor_(inactive),23997,140895501,100364341,140
1579766400000,Blade_of_saeldor_(inactive),23997,89603749,81042837,113
1578124800000,Blade_of_saeldor_(inactive),23997,80467982,76930560,98
1568530800000,Blade_of_saeldor_(inactive),23997,101995973,116160515,56
1572332400000,Blade_of_saeldor_(inactive),23997,81535545,75687221,54
1565593200000,Blade_of_saeldor_(inactive),23997,129309539,77728499,105
1572073200000,Blade_of_saeldor_(inactive),23997,79726796,75718342,72
1574755200000,Blade_of_saeldor_(inactive),23997,91059792,89184556,48
1579075200000,Blade_of_saeldor_(inactive),23997,81176665,77800674,69
1575878400000,Blade_of_saeldor_(inactive),23997,77463509,87225334,20
1575273600000,Blade_of_saeldor_(inactive),23997,82927271,89720216,89
1566111600000,Blade_of_saeldor_(inactive),23997,145482991,105210440,92
1578902400000,Blade_of_saeldor_(inactive),23997,78524804,77524318,44
1571554800000,Blade_of_saeldor_(inactive),23997,80387529,78005761,53
1574841600000,Blade_of_saeldor_(inactive),23997,91059792,89491522,64
1577088000000,Blade_of_saeldor_(inactive),23997,76560589,80164051,75
1577174400000,Blade_of_saeldor_(inactive),23997,76560589,79579456,85
1574928000000,Blade_of_saeldor_(inactive),23997,86701529,89663722,49
1565161200000,Blade_of_saeldor_(inactive),23997,107854289,57571749,93
1578384000000,Blade_of_saeldor_(inactive),23997,78779563,77336288,48
1572678000000,Blade_of_saeldor_(inactive),23997,85025634,76478751,31
1577520000000,Blade_of_saeldor_(inactive),23997,76165304,77595212,42
1569999600000,Blade_of_saeldor_(inactive),23997,77086430,95203657,72
1574236800000,Blade_of_saeldor_(inactive),23997,94613302,86130932,45
1573459200000,Blade_of_saeldor_(inactive),23997,89732594,82073367,57
1575964800000,Blade_of_saeldor_(inactive),23997,78409380,86869425,66
1575705600000,Blade_of_saeldor_(inactive),23997,75350436,88022322,46
1579248000000,Blade_of_saeldor_(inactive),23997,87092321,78500235,65
1573891200000,Blade_of_saeldor_(inactive),23997,89401230,84201766,46
1567234800000,Blade_of_saeldor_(inactive),23997,106828730,125027571,38
1566802800000,Blade_of_saeldor_(inactive),23997,126115826,127245769,95
1571900400000,Blade_of_saeldor_(inactive),23997,77092164,75982977,57
1573200000000,Blade_of_saeldor_(inactive),23997,89749975,80161449,94
1566975600000,Blade_of_saeldor_(inactive),23997,116712678,126944885,2
1567839600000,Blade_of_saeldor_(inactive),23997,103071455,123177360,48
1570086000000,Blade_of_saeldor_(inactive),23997,75473397,94304575,92
1570777200000,Blade_of_saeldor_(inactive),23997,69156695,85406675,54
1571295600000,Blade_of_saeldor_(inactive),23997,77814945,80034241,75
1580025600000,Blade_of_saeldor_(inactive),23997,92081244,82537075,73
1569740400000,Blade_of_saeldor_(inactive),23997,81612406,98036113,74
1575619200000,Blade_of_saeldor_(inactive),23997,75350436,88502307,77
1576396800000,Blade_of_saeldor_(inactive),23997,75705394,84902822,70
1569913200000,Blade_of_saeldor_(inactive),23997,77086430,96179346,47
1572159600000,Blade_of_saeldor_(inactive),23997,81850818,75681836,87
1567580400000,Blade_of_saeldor_(inactive),23997,102445864,123871151,79
1565334000000,Blade_of_saeldor_(inactive),23997,117287562,65218051,165
1572505200000,Blade_of_saeldor_(inactive),23997,83613663,75942768,90
1568012400000,Blade_of_saeldor_(inactive),23997,102934041,122029560,49
1575446400000,Blade_of_saeldor_(inactive),23997,79242068,89228963,38
1571036400000,Blade_of_saeldor_(inactive),23997,74606088,82548054,45
1573027200000,Blade_of_saeldor_(inactive),23997,88196099,78674993,64
1566543600000,Blade_of_saeldor_(inactive),23997,138992325,125083196,161
1571209200000,Blade_of_saeldor_(inactive),23997,75975149,80826804,29
1569222000000,Blade_of_saeldor_(inactive),23997,88891175,105088522,53
1568617200000,Blade_of_saeldor_(inactive),23997,101591827,114850392,58
1570690800000,Blade_of_saeldor_(inactive),23997,69156695,86532586,50
1569654000000,Blade_of_saeldor_(inactive),23997,81612406,98876657,58
1571727600000,Blade_of_saeldor_(inactive),23997,77475082,76769578,83
1566198000000,Blade_of_saeldor_(inactive),23997,140801186,109900480,104
1569567600000,Blade_of_saeldor_(inactive),23997,82946005,99876432,105
1567753200000,Blade_of_saeldor_(inactive),23997,103246214,123485029,93
1579939200000,Blade_of_saeldor_(inactive),23997,89986409,82006544,113
1579334400000,Blade_of_saeldor_(inactive),23997,87092321,78891709,38
1576224000000,Blade_of_saeldor_(inactive),23997,75819266,85736947,91
1570604400000,Blade_of_saeldor_(inactive),23997,67453137,87658498,68
1578297600000,Blade_of_saeldor_(inactive),23997,80778329,77292420,111
1570172400000,Blade_of_saeldor_(inactive),23997,75473397,93405492,111
1575187200000,Blade_of_saeldor_(inactive),23997,82927271,89790162,37
1567148400000,Blade_of_saeldor_(inactive),23997,106828730,125618516,47
1577001600000,Blade_of_saeldor_(inactive),23997,76560589,80790408,57
1572854400000,Blade_of_saeldor_(inactive),23997,88196099,77343313,48
1565852400000,Blade_of_saeldor_(inactive),23997,135427767,90977974,173
1565420400000,Blade_of_saeldor_(inactive),23997,123151941,69319783,61
1580198400000,Blade_of_saeldor_(inactive),23997,94782900,83721743,82
1572246000000,Blade_of_saeldor_(inactive),23997,81850818,75689783,44
1576569600000,Blade_of_saeldor_(inactive),23997,75348101,83879340,30
1567321200000,Blade_of_saeldor_(inactive),23997,106357095,124628499,38
1579680000000,Blade_of_saeldor_(inactive),23997,89603749,80608065,81
1578556800000,Blade_of_saeldor_(inactive),23997,78779563,77392496,83
1577692800000,Blade_of_saeldor_(inactive),23997,77860453,77131615,60
1578470400000,Blade_of_saeldor_(inactive),23997,78779563,77380157,58
1575100800000,Blade_of_saeldor_(inactive),23997,82927271,89813041,59
1580284800000,Blade_of_saeldor_(inactive),23997,98512310,84410139,113
1565074800000,Blade_of_saeldor_(inactive),23997,110221781,53979939,92
1570518000000,Blade_of_saeldor_(inactive),23997,67453137,88841194,37
1570863600000,Blade_of_saeldor_(inactive),23997,72235016,84394344,3
1574668800000,Blade_of_saeldor_(inactive),23997,94098443,88877591,86
1577260800000,Blade_of_saeldor_(inactive),23997,75530802,78960535,53
1573804800000,Blade_of_saeldor_(inactive),23997,89401230,83815556,104
1575532800000,Blade_of_saeldor_(inactive),23997,79242068,88930495,53
1568358000000,Blade_of_saeldor_(inactive),23997,102604919,118571559,66
1569394800000,Blade_of_saeldor_(inactive),23997,84446616,102237471,174
1576137600000,Blade_of_saeldor_(inactive),23997,78409380,86114544,83
1567666800000,Blade_of_saeldor_(inactive),23997,103246214,123638632,50
1579507200000,Blade_of_saeldor_(inactive),23997,88689628,79750245,43
1567926000000,Blade_of_saeldor_(inactive),23997,103071455,122703490,47
1571122800000,Blade_of_saeldor_(inactive),23997,75975149,81680693,16
1566716400000,Blade_of_saeldor_(inactive),23997,132753502,126847588,144
1575014400000,Blade_of_saeldor_(inactive),23997,86701529,89835921,93
1564902000000,Blade_of_saeldor_(inactive),23997,109296882,46570558,185
1577433600000,Blade_of_saeldor_(inactive),23997,76165304,77946419,59
1578211200000,Blade_of_saeldor_(inactive),23997,80778329,77111490,69
1568962800000,Blade_of_saeldor_(inactive),23997,98465998,109415566,109
1578729600000,Blade_of_saeldor_(inactive),23997,77931684,77343949,43
1565506800000,Blade_of_saeldor_(inactive),23997,123151941,73421514,89
1568703600000,Blade_of_saeldor_(inactive),23997,101591827,113387353,28
1572418800000,Blade_of_saeldor_(inactive),23997,81535545,75725194,71
1578988800000,Blade_of_saeldor_(inactive),23997,78524804,77618298,12
1568271600000,Blade_of_saeldor_(inactive),23997,102604919,119586293,61
1571986800000,Blade_of_saeldor_(inactive),23997,79726796,75825649,83
1571468400000,Blade_of_saeldor_(inactive),23997,80387529,78608376,50
1576656000000,Blade_of_saeldor_(inactive),23997,75348101,83312385,57
1569049200000,Blade_of_saeldor_(inactive),23997,98465998,108064689,125
1577347200000,Blade_of_saeldor_(inactive),23997,75530802,78442902,116
1566630000000,Blade_of_saeldor_(inactive),23997,132753502,126046928,72
1574064000000,Blade_of_saeldor_(inactive),23997,92356736,85085466,49
1578643200000,Blade_of_saeldor_(inactive),23997,77430660,77359872,119
1577606400000,Blade_of_saeldor_(inactive),23997,77860453,77300509,61
1573113600000,Blade_of_saeldor_(inactive),23997,89749975,79418221,83
1571641200000,Blade_of_saeldor_(inactive),23997,77475082,77306063,64
1572764400000,Blade_of_saeldor_(inactive),23997,85025634,76797158,71
1577865600000,Blade_of_saeldor_(inactive),23997,78072575,76807969,112
1579852800000,Blade_of_saeldor_(inactive),23997,89986409,81524690,75
1573632000000,Blade_of_saeldor_(inactive),23997,87147168,82995619,73
1569481200000,Blade_of_saeldor_(inactive),23997,82946005,101001988,50
1566284400000,Blade_of_saeldor_(inactive),23997,140801186,114590519,152
1565938800000,Blade_of_saeldor_(inactive),23997,140895501,95671157,49
1566457200000,Blade_of_saeldor_(inactive),23997,138992325,123783452,115
1570258800000,Blade_of_saeldor_(inactive),23997,71811470,92357668,40
1573977600000,Blade_of_saeldor_(inactive),23997,92356736,84686492,80
1573372800000,Blade_of_saeldor_(inactive),23997,89086672,81490114,18
1568098800000,Blade_of_saeldor_(inactive),23997,102934041,121355630,67
1571382000000,Blade_of_saeldor_(inactive),23997,77814945,79278432,87
1576483200000,Blade_of_saeldor_(inactive),23997,75705394,84446294,52
1564988400000,Blade_of_saeldor_(inactive),23997,112259634,50309213,127
1573718400000,Blade_of_saeldor_(inactive),23997,87147168,83368020,97
1576828800000,Blade_of_saeldor_(inactive),23997,75811591,82043488,77
1579420800000,Blade_of_saeldor_(inactive),23997,88689628,79320977,80
1578816000000,Blade_of_saeldor_(inactive),23997,78524804,77434133,31
1577779200000,Blade_of_saeldor_(inactive),23997,78072575,76969792,67
1573286400000,Blade_of_saeldor_(inactive),23997,89086672,80825781,20
1565766000000,Blade_of_saeldor_(inactive),23997,133046949,86467048,110
1576310400000,Blade_of_saeldor_(inactive),23997,75819266,85359350,12
1565247600000,Blade_of_saeldor_(inactive),23997,112301522,61311799,72
1567062000000,Blade_of_saeldor_(inactive),23997,111605657,126421202,126
1568876400000,Blade_of_saeldor_(inactive),23997,100489211,110699888,40
1572940800000,Blade_of_saeldor_(inactive),23997,88196099,78009153,75
1580371200000,Blade_of_saeldor_(inactive),23997,98512310,85091463,47
1576742400000,Blade_of_saeldor_(inactive),23997,75348101,82670212,83
1569826800000,Blade_of_saeldor_(inactive),23997,80396370,97155035,21
1579593600000,Blade_of_saeldor_(inactive),23997,89252019,80173293,117
1566370800000,Blade_of_saeldor_(inactive),23997,136995656,119153708,238
1574150400000,Blade_of_saeldor_(inactive),23997,94613302,85559658,6
1575792000000,Blade_of_saeldor_(inactive),23997,77463509,87612773,58
1570431600000,Blade_of_saeldor_(inactive),23997,68220896,90028472,102
1572591600000,Blade_of_saeldor_(inactive),23997,83613663,76160343,90
1570950000000,Blade_of_saeldor_(inactive),23997,74606088,83461050,57
1574323200000,Blade_of_saeldor_(inactive),23997,94613302,86702206,74
1568444400000,Blade_of_saeldor_(inactive),23997,101995973,117457165,65
1574409600000,Blade_of_saeldor_(inactive),23997,95351288,87310843,93
1569308400000,Blade_of_saeldor_(inactive),23997,88891175,103626445,92
1575360000000,Blade_of_saeldor_(inactive),23997,79242068,89527431,11
1569135600000,Blade_of_saeldor_(inactive),23997,93569658,106550600,157
1565679600000,Blade_of_saeldor_(inactive),23997,129309539,82035483,102
1579161600000,Blade_of_saeldor_(inactive),23997,84590725,78108761,105
1576051200000,Bastion_potion(2),22467,2490,2411,399
1571814000000,Bastion_potion(2),22467,2309,2306,560
1567407600000,Bastion_potion(2),22467,2474,2596,1357
1566889200000,Bastion_potion(2),22467,2469,2665,128
1567494000000,Bastion_potion(2),22467,2413,2582,294
1577952000000,Bastion_potion(2),22467,2703,2550,358
1573545600000,Bastion_potion(2),22467,2432,2372,392
1574582400000,Bastion_potion(2),22467,2324,2423,520
1568790000000,Bastion_potion(2),22467,2412,2431,360
1574496000000,Bastion_potion(2),22467,2426,2424,1417
1578038400000,Bastion_potion(2),22467,2703,2559,645
1568185200000,Bastion_potion(2),22467,2345,2479,490
1576915200000,Bastion_potion(2),22467,2565,2470,1049
1580112000000,Bastion_potion(2),22467,2555,2583,703
1570345200000,Bastion_potion(2),22467,2273,2379,469
1566025200000,Bastion_potion(2),22467,2569,2787,1323
1579766400000,Bastion_potion(2),22467,2540,2578,833
1578124800000,Bastion_potion(2),22467,2620,2565,822
1568530800000,Bastion_potion(2),22467,2386,2443,801
1572332400000,Bastion_potion(2),22467,2424,2310,656
1565593200000,Bastion_potion(2),22467,2689,2827,369
1572073200000,Bastion_potion(2),22467,2353,2304,1070
1574755200000,Bastion_potion(2),22467,2326,2419,1157
1579075200000,Bastion_potion(2),22467,2604,2577,607
1575878400000,Bastion_potion(2),22467,2498,2414,252
1575273600000,Bastion_potion(2),22467,2419,2413,560
1566111600000,Bastion_potion(2),22467,2509,2775,549
1578902400000,Bastion_potion(2),22467,2563,2579,657
1571554800000,Bastion_potion(2),22467,2258,2319,358
1574841600000,Bastion_potion(2),22467,2326,2416,538
1577088000000,Bastion_potion(2),22467,2545,2478,581
1577174400000,Bastion_potion(2),22467,2545,2486,1020
1574928000000,Bastion_potion(2),22467,2360,2414,537
1565161200000,Bastion_potion(2),22467,2808,2839,546
1578384000000,Bastion_potion(2),22467,2508,2574,376
1572678000000,Bastion_potion(2),22467,2408,2312,88
1577520000000,Bastion_potion(2),22467,2604,2512,364
1569999600000,Bastion_potion(2),22467,2386,2390,1632
1574236800000,Bastion_potion(2),22467,2452,2410,327
1573459200000,Bastion_potion(2),22467,2528,2368,787
1575964800000,Bastion_potion(2),22467,2490,2413,970
1575705600000,Bastion_potion(2),22467,2425,2413,764
1579248000000,Bastion_potion(2),22467,2680,2575,434
1573891200000,Bastion_potion(2),22467,2413,2387,277
1567234800000,Bastion_potion(2),22467,2466,2621,94
1566802800000,Bastion_potion(2),22467,2469,2677,600
1571900400000,Bastion_potion(2),22467,2309,2305,909
1573200000000,Bastion_potion(2),22467,2489,2341,555
1566975600000,Bastion_potion(2),22467,2482,2655,9
1567839600000,Bastion_potion(2),22467,2358,2524,1180
1570086000000,Bastion_potion(2),22467,2365,2388,726
1570777200000,Bastion_potion(2),22467,2233,2359,851
1571295600000,Bastion_potion(2),22467,2235,2338,568
1580025600000,Bastion_potion(2),22467,2555,2584,959
1569740400000,Bastion_potion(2),22467,2388,2398,332
1575619200000,Bastion_potion(2),22467,2425,2414,645
1576396800000,Bastion_potion(2),22467,2622,2433,782
1569913200000,Bastion_potion(2),22467,2386,2393,206
1572159600000,Bastion_potion(2),22467,2417,2306,1063
1567580400000,Bastion_potion(2),22467,2413,2567,437
1565334000000,Bastion_potion(2),22467,2790,2838,1168
1572505200000,Bastion_potion(2),22467,2383,2311,526
1568012400000,Bastion_potion(2),22467,2390,2500,460
1575446400000,Bastion_potion(2),22467,2435,2415,276
1571036400000,Bastion_potion(2),22467,2311,2352,373
1573027200000,Bastion_potion(2),22467,2455,2326,402
1566543600000,Bastion_potion(2),22467,2495,2713,1561
1571209200000,Bastion_potion(2),22467,2271,2344,303
1569222000000,Bastion_potion(2),22467,2348,2422,176
1568617200000,Bastion_potion(2),22467,2386,2437,1550
1570690800000,Bastion_potion(2),22467,2233,2363,495
1569654000000,Bastion_potion(2),22467,2353,2401,272
1571727600000,Bastion_potion(2),22467,2274,2307,448
1566198000000,Bastion_potion(2),22467,2509,2762,466
1569567600000,Bastion_potion(2),22467,2353,2405,714
1567753200000,Bastion_potion(2),22467,2428,2539,1226
1579939200000,Bastion_potion(2),22467,2588,2583,1689
1579334400000,Bastion_potion(2),22467,2680,2578,236
1576224000000,Bastion_potion(2),22467,2508,2417,1503
1570604400000,Bastion_potion(2),22467,2249,2368,620
1578297600000,Bastion_potion(2),22467,2545,2573,1146
1570172400000,Bastion_potion(2),22467,2365,2387,1076
1575187200000,Bastion_potion(2),22467,2404,2413,406
1567148400000,Bastion_potion(2),22467,2466,2633,425
1577001600000,Bastion_potion(2),22467,2565,2474,533
1572854400000,Bastion_potion(2),22467,2410,2315,266
1565852400000,Bastion_potion(2),22467,2662,2809,3717
1565420400000,Bastion_potion(2),22467,2678,2835,859
1580198400000,Bastion_potion(2),22467,2585,2582,988
1572246000000,Bastion_potion(2),22467,2424,2309,913
1576569600000,Bastion_potion(2),22467,2665,2449,982
1567321200000,Bastion_potion(2),22467,2474,2609,325
1579680000000,Bastion_potion(2),22467,2537,2578,732
1578556800000,Bastion_potion(2),22467,2515,2575,1120
1577692800000,Bastion_potion(2),22467,2602,2527,470
1578470400000,Bastion_potion(2),22467,2508,2574,1614
1575100800000,Bastion_potion(2),22467,2404,2412,466
1580284800000,Bastion_potion(2),22467,2623,2583,632
1565074800000,Bastion_potion(2),22467,2871,2839,185
1570518000000,Bastion_potion(2),22467,2249,2373,227
1570863600000,Bastion_potion(2),22467,2261,2356,48
1574668800000,Bastion_potion(2),22467,2324,2422,679
1577260800000,Bastion_potion(2),22467,2506,2492,2106
1573804800000,Bastion_potion(2),22467,2341,2381,931
1575532800000,Bastion_potion(2),22467,2435,2415,1376
1568358000000,Bastion_potion(2),22467,2384,2458,507
1569394800000,Bastion_potion(2),22467,2358,2413,589
1576137600000,Bastion_potion(2),22467,2508,2414,885
1567666800000,Bastion_potion(2),22467,2428,2552,1144
1579507200000,Bastion_potion(2),22467,2587,2579,554
1567926000000,Bastion_potion(2),22467,2358,2510,268
1571122800000,Bastion_potion(2),22467,2271,2348,196
1566716400000,Bastion_potion(2),22467,2518,2688,677
1575014400000,Bastion_potion(2),22467,2360,2412,890
1564902000000,Bastion_potion(2),22467,2848,2833,689
1577433600000,Bastion_potion(2),22467,2526,2504,733
1578211200000,Bastion_potion(2),22467,2545,2569,308
1568962800000,Bastion_potion(2),22467,2451,2431,1101
1578729600000,Bastion_potion(2),22467,2557,2578,248
1565506800000,Bastion_potion(2),22467,2678,2831,733
1568703600000,Bastion_potion(2),22467,2412,2434,211
1572418800000,Bastion_potion(2),22467,2424,2311,452
1578988800000,Bastion_potion(2),22467,2563,2577,221
1568271600000,Bastion_potion(2),22467,2345,2468,401
1571986800000,Bastion_potion(2),22467,2353,2304,558
1571468400000,Bastion_potion(2),22467,2258,2326,577
1576656000000,Bastion_potion(2),22467,2665,2456,985
1569049200000,Bastion_potion(2),22467,2453,2430,421
1577347200000,Bastion_potion(2),22467,2506,2498,1246
1566630000000,Bastion_potion(2),22467,2518,2701,1222
1574064000000,Bastion_potion(2),22467,2434,2399,289
1578643200000,Bastion_potion(2),22467,2525,2576,1681
1577606400000,Bastion_potion(2),22467,2604,2521,1003
1573113600000,Bastion_potion(2),22467,2455,2333,876
1571641200000,Bastion_potion(2),22467,2274,2313,746
1572764400000,Bastion_potion(2),22467,2408,2314,539
1577865600000,Bastion_potion(2),22467,2625,2541,684
1579852800000,Bastion_potion(2),22467,2588,2581,507
1573632000000,Bastion_potion(2),22467,2432,2376,634
1569481200000,Bastion_potion(2),22467,2358,2409,289
1566284400000,Bastion_potion(2),22467,2445,2750,535
1565938800000,Bastion_potion(2),22467,2569,2798,347
1566457200000,Bastion_potion(2),22467,2495,2725,347
1570258800000,Bastion_potion(2),22467,2367,2384,229
1573977600000,Bastion_potion(2),22467,2413,2393,945
1573372800000,Bastion_potion(2),22467,2528,2359,31
1568098800000,Bastion_potion(2),22467,2390,2491,791
1571382000000,Bastion_potion(2),22467,2235,2332,1537
1576483200000,Bastion_potion(2),22467,2622,2440,707
1564988400000,Bastion_potion(2),22467,2871,2836,305
1573718400000,Bastion_potion(2),22467,2341,2379,620
1576828800000,Bastion_potion(2),22467,2586,2466,822
1579420800000,Bastion_potion(2),22467,2587,2578,550
1578816000000,Bastion_potion(2),22467,2563,2579,480
1577779200000,Bastion_potion(2),22467,2602,2534,977
1573286400000,Bastion_potion(2),22467,2490,2349,1046
1565766000000,Bastion_potion(2),22467,2662,2816,548
1576310400000,Bastion_potion(2),22467,2562,2424,156
1565247600000,Bastion_potion(2),22467,2808,2839,389
1567062000000,Bastion_potion(2),22467,2482,2644,844
1568876400000,Bastion_potion(2),22467,2451,2431,328
1572940800000,Bastion_potion(2),22467,2410,2320,773
1580371200000,Bastion_potion(2),22467,2623,2583,625
1576742400000,Bastion_potion(2),22467,2586,2461,1446
1569826800000,Bastion_potion(2),22467,2388,2396,238
1579593600000,Bastion_potion(2),22467,2537,2578,1278
1566370800000,Bastion_potion(2),22467,2445,2737,1012
1574150400000,Bastion_potion(2),22467,2434,2404,60
1575792000000,Bastion_potion(2),22467,2498,2414,1553
1570431600000,Bastion_potion(2),22467,2273,2376,485
1572591600000,Bastion_potion(2),22467,2383,2311,706
1570950000000,Bastion_potion(2),22467,2311,2354,709
1574323200000,Bastion_potion(2),22467,2452,2416,690
1568444400000,Bastion_potion(2),22467,2384,2449,823
1574409600000,Bastion_potion(2),22467,2426,2420,904
1569308400000,Bastion_potion(2),22467,2348,2417,582
1575360000000,Bastion_potion(2),22467,2419,2414,97
1569135600000,Bastion_potion(2),22467,2453,2428,525
1565679600000,Bastion_potion(2),22467,2689,2822,656
1579161600000,Bastion_potion(2),22467,2604,2575,852
1576051200000,Bastion_potion(3),22464,3760,3672,5187
1571814000000,Bastion_potion(3),22464,3591,3472,9106
1567407600000,Bastion_potion(3),22464,3624,3819,21680
1566889200000,Bastion_potion(3),22464,3660,3953,53
1567494000000,Bastion_potion(3),22464,3690,3806,10347
1577952000000,Bastion_potion(3),22464,4092,3804,15420
1573545600000,Bastion_potion(3),22464,3467,3596,4374
1574582400000,Bastion_potion(3),22464,3555,3651,10062
1568790000000,Bastion_potion(3),22464,3642,3629,13554
1574496000000,Bastion_potion(3),22464,3602,3653,9623
1578038400000,Bastion_potion(3),22464,4092,3818,11552
1568185200000,Bastion_potion(3),22464,3437,3700,6810
1576915200000,Bastion_potion(3),22464,3700,3708,23683
1580112000000,Bastion_potion(3),22464,4048,3865,24768
1570345200000,Bastion_potion(3),22464,3318,3513,1755
1566025200000,Bastion_potion(3),22464,3787,4163,6059
1579766400000,Bastion_potion(3),22464,3859,3846,16313
1578124800000,Bastion_potion(3),22464,4039,3830,16939
1568530800000,Bastion_potion(3),22464,3480,3638,10418
1572332400000,Bastion_potion(3),22464,3768,3510,15930
1565593200000,Bastion_potion(3),22464,3941,4206,13573
1572073200000,Bastion_potion(3),22464,3687,3483,12314
1574755200000,Bastion_potion(3),22464,3592,3643,9199
1579075200000,Bastion_potion(3),22464,3765,3817,3162
1575878400000,Bastion_potion(3),22464,3797,3654,13641
1575273600000,Bastion_potion(3),22464,3617,3628,35809
1566111600000,Bastion_potion(3),22464,3724,4153,10358
1578902400000,Bastion_potion(3),22464,3697,3829,17887
1571554800000,Bastion_potion(3),22464,3555,3478,22147
1574841600000,Bastion_potion(3),22464,3592,3637,12966
1577088000000,Bastion_potion(3),22464,3640,3710,10068
1577174400000,Bastion_potion(3),22464,3626,3712,11824
1574928000000,Bastion_potion(3),22464,3699,3634,16226
1565161200000,Bastion_potion(3),22464,3968,4246,1201
1578384000000,Bastion_potion(3),22464,3769,3845,15122
1572678000000,Bastion_potion(3),22464,3689,3538,272
1577520000000,Bastion_potion(3),22464,3968,3735,15601
1569999600000,Bastion_potion(3),22464,3520,3558,912
1574236800000,Bastion_potion(3),22464,3698,3647,15569
1573459200000,Bastion_potion(3),22464,3467,3597,1105
1575964800000,Bastion_potion(3),22464,3760,3662,8415
1575705600000,Bastion_potion(3),22464,3730,3643,12693
1579248000000,Bastion_potion(3),22464,3869,3824,14582
1573891200000,Bastion_potion(3),22464,3806,3617,10328
1567234800000,Bastion_potion(3),22464,3643,3856,12998
1566802800000,Bastion_potion(3),22464,3660,3981,15306
1571900400000,Bastion_potion(3),22464,3591,3470,11561
1573200000000,Bastion_potion(3),22464,3609,3589,24278
1566975600000,Bastion_potion(3),22464,3645,3928,314
1567839600000,Bastion_potion(3),22464,3542,3762,4306
1570086000000,Bastion_potion(3),22464,3393,3548,1209
1570777200000,Bastion_potion(3),22464,3426,3494,14773
1571295600000,Bastion_potion(3),22464,3479,3488,22035
1580025600000,Bastion_potion(3),22464,3920,3862,18179
1569740400000,Bastion_potion(3),22464,3522,3566,25295
1575619200000,Bastion_potion(3),22464,3696,3637,29026
1576396800000,Bastion_potion(3),22464,3893,3711,12183
1569913200000,Bastion_potion(3),22464,3520,3561,13672
1572159600000,Bastion_potion(3),22464,3701,3493,17294
1567580400000,Bastion_potion(3),22464,3690,3796,22322
1565334000000,Bastion_potion(3),22464,3965,4230,28532
1572505200000,Bastion_potion(3),22464,3721,3521,1486
1568012400000,Bastion_potion(3),22464,3511,3732,13728
1575446400000,Bastion_potion(3),22464,3659,3632,597
1571036400000,Bastion_potion(3),22464,3473,3498,9898
1573027200000,Bastion_potion(3),22464,3622,3575,23909
1566543600000,Bastion_potion(3),22464,3894,4059,19478
1571209200000,Bastion_potion(3),22464,3479,3493,8967
1569222000000,Bastion_potion(3),22464,3642,3602,418
1568617200000,Bastion_potion(3),22464,3633,3633,33431
1570690800000,Bastion_potion(3),22464,3426,3494,1770
1569654000000,Bastion_potion(3),22464,3522,3570,623
1571727600000,Bastion_potion(3),22464,3556,3474,5455
1566198000000,Bastion_potion(3),22464,3661,4140,5237
1569567600000,Bastion_potion(3),22464,3390,3574,21526
1567753200000,Bastion_potion(3),22464,3677,3776,5468
1579939200000,Bastion_potion(3),22464,3844,3857,8169
1579334400000,Bastion_potion(3),22464,3869,3828,7516
1576224000000,Bastion_potion(3),22464,3847,3692,12065
1570604400000,Bastion_potion(3),22464,3384,3497,24177
1578297600000,Bastion_potion(3),22464,3926,3844,15650
1570172400000,Bastion_potion(3),22464,3393,3538,19584
1575187200000,Bastion_potion(3),22464,3684,3631,2528
1567148400000,Bastion_potion(3),22464,3643,3879,987
1577001600000,Bastion_potion(3),22464,3640,3709,8251
1572854400000,Bastion_potion(3),22464,3597,3555,3508
1565852400000,Bastion_potion(3),22464,3934,4183,17879
1565420400000,Bastion_potion(3),22464,3959,4224,8423
1580198400000,Bastion_potion(3),22464,4162,3871,21434
1572246000000,Bastion_potion(3),22464,3768,3501,8709
1576569600000,Bastion_potion(3),22464,3761,3712,11548
1567321200000,Bastion_potion(3),22464,3624,3834,8226
1579680000000,Bastion_potion(3),22464,3771,3838,18386
1578556800000,Bastion_potion(3),22464,3700,3842,9836
1577692800000,Bastion_potion(3),22464,4114,3758,12218
1578470400000,Bastion_potion(3),22464,3769,3844,12268
1575100800000,Bastion_potion(3),22464,3684,3632,14565
1580284800000,Bastion_potion(3),22464,4244,3875,8194
1565074800000,Bastion_potion(3),22464,3983,4258,2735
1570518000000,Bastion_potion(3),22464,3384,3501,9769
1570863600000,Bastion_potion(3),22464,3469,3495,1988
1574668800000,Bastion_potion(3),22464,3555,3646,7646
1577260800000,Bastion_potion(3),22464,3680,3717,5582
1573804800000,Bastion_potion(3),22464,3633,3606,9521
1575532800000,Bastion_potion(3),22464,3696,3635,524
1568358000000,Bastion_potion(3),22464,3367,3663,2824
1569394800000,Bastion_potion(3),22464,3543,3592,14498
1576137600000,Bastion_potion(3),22464,3766,3682,8572
1567666800000,Bastion_potion(3),22464,3677,3786,649
1579507200000,Bastion_potion(3),22464,3714,3832,11424
1567926000000,Bastion_potion(3),22464,3511,3747,6599
1571122800000,Bastion_potion(3),22464,3473,3498,3870
1566716400000,Bastion_potion(3),22464,3827,4009,3191
1575014400000,Bastion_potion(3),22464,3699,3633,18078
1564902000000,Bastion_potion(3),22464,4078,4280,15993
1577433600000,Bastion_potion(3),22464,3779,3726,7702
1578211200000,Bastion_potion(3),22464,3926,3837,10362
1568962800000,Bastion_potion(3),22464,3667,3627,22824
1578729600000,Bastion_potion(3),22464,3697,3839,3481
1565506800000,Bastion_potion(3),22464,3959,4215,10572
1568703600000,Bastion_potion(3),22464,3633,3630,10694
1572418800000,Bastion_potion(3),22464,3738,3515,6758
1578988800000,Bastion_potion(3),22464,3674,3821,347
1568271600000,Bastion_potion(3),22464,3437,3684,5242
1571986800000,Bastion_potion(3),22464,3626,3473,19605
1571468400000,Bastion_potion(3),22464,3555,3481,4790
1576656000000,Bastion_potion(3),22464,3761,3711,32736
1569049200000,Bastion_potion(3),22464,3617,3617,11630
1577347200000,Bastion_potion(3),22464,3680,3720,15877
1566630000000,Bastion_potion(3),22464,3827,4034,12306
1574064000000,Bastion_potion(3),22464,3804,3634,28483
1578643200000,Bastion_potion(3),22464,3715,3841,22107
1577606400000,Bastion_potion(3),22464,3968,3744,22127
1573113600000,Bastion_potion(3),22464,3569,3581,15006
1571641200000,Bastion_potion(3),22464,3556,3476,11952
1572764400000,Bastion_potion(3),22464,3597,3545,8085
1577865600000,Bastion_potion(3),22464,4130,3790,42531
1579852800000,Bastion_potion(3),22464,3844,3852,7076
1573632000000,Bastion_potion(3),22464,3542,3599,7174
1569481200000,Bastion_potion(3),22464,3390,3583,11252
1566284400000,Bastion_potion(3),22464,3661,4123,2514
1565938800000,Bastion_potion(3),22464,3787,4173,3110
1566457200000,Bastion_potion(3),22464,3894,4081,25301
1570258800000,Bastion_potion(3),22464,3294,3525,6664
1573977600000,Bastion_potion(3),22464,3806,3626,22476
1573372800000,Bastion_potion(3),22464,3524,3597,480
1568098800000,Bastion_potion(3),22464,3513,3717,19620
1571382000000,Bastion_potion(3),22464,3535,3484,27091
1576483200000,Bastion_potion(3),22464,3893,3714,22152
1564988400000,Bastion_potion(3),22464,3983,4270,4618
1573718400000,Bastion_potion(3),22464,3542,3601,6682
1576828800000,Bastion_potion(3),22464,3682,3708,14205
1579420800000,Bastion_potion(3),22464,3764,3831,24624
1578816000000,Bastion_potion(3),22464,3697,3834,9776
1577779200000,Bastion_potion(3),22464,4114,3772,9353
1573286400000,Bastion_potion(3),22464,3573,3594,8686
1565766000000,Bastion_potion(3),22464,3972,4188,3139
1576310400000,Bastion_potion(3),22464,3847,3702,1136
1565247600000,Bastion_potion(3),22464,3968,4235,6655
1567062000000,Bastion_potion(3),22464,3645,3903,14858
1568876400000,Bastion_potion(3),22464,3642,3629,24344
1572940800000,Bastion_potion(3),22464,3622,3565,8329
1580371200000,Bastion_potion(3),22464,4244,3880,6622
1576742400000,Bastion_potion(3),22464,3724,3708,12772
1569826800000,Bastion_potion(3),22464,3590,3565,4269
1579593600000,Bastion_potion(3),22464,3714,3834,26551
1566370800000,Bastion_potion(3),22464,3726,4102,20234
1574150400000,Bastion_potion(3),22464,3804,3643,159
1575792000000,Bastion_potion(3),22464,3730,3647,11026
1570431600000,Bastion_potion(3),22464,3318,3506,12492
1572591600000,Bastion_potion(3),22464,3721,3528,9730
1570950000000,Bastion_potion(3),22464,3474,3499,15024
1574323200000,Bastion_potion(3),22464,3698,3652,14142
1568444400000,Bastion_potion(3),22464,3480,3648,6541
1574409600000,Bastion_potion(3),22464,3602,3653,12151
1569308400000,Bastion_potion(3),22464,3642,3596,20075
1575360000000,Bastion_potion(3),22464,3659,3630,182
1569135600000,Bastion_potion(3),22464,3617,3608,27700
1565679600000,Bastion_potion(3),22464,3941,4196,7473
1579161600000,Bastion_potion(3),22464,3850,3820,29894
1576051200000,Bastion_potion(4),22461,5545,5128,49443
1571814000000,Bastion_potion(4),22461,5111,4867,63574
1567407600000,Bastion_potion(4),22461,5079,5318,128138
1566889200000,Bastion_potion(4),22461,5146,5469,3280
1567494000000,Bastion_potion(4),22461,5119,5300,48527
1577952000000,Bastion_potion(4),22461,5759,5498,74720
1573545600000,Bastion_potion(4),22461,4785,5034,64223
1574582400000,Bastion_potion(4),22461,4736,5061,98139
1568790000000,Bastion_potion(4),22461,5413,5083,62654
1574496000000,Bastion_potion(4),22461,4714,5086,93364
1578038400000,Bastion_potion(4),22461,5560,5518,92339
1568185200000,Bastion_potion(4),22461,4762,5131,55892
1576915200000,Bastion_potion(4),22461,5159,5225,141449
1580112000000,Bastion_potion(4),22461,5644,5421,77957
1570345200000,Bastion_potion(4),22461,4641,4898,87396
1566025200000,Bastion_potion(4),22461,4995,5719,135722
1579766400000,Bastion_potion(4),22461,5357,5438,104727
1578124800000,Bastion_potion(4),22461,5357,5532,148991
1568530800000,Bastion_potion(4),22461,4990,5063,81446
1572332400000,Bastion_potion(4),22461,5155,4962,61283
1565593200000,Bastion_potion(4),22461,5743,5781,84801
1572073200000,Bastion_potion(4),22461,5735,4929,99449
1574755200000,Bastion_potion(4),22461,4934,5008,51530
1579075200000,Bastion_potion(4),22461,5354,5411,115438
1575878400000,Bastion_potion(4),22461,5678,5078,35243
1575273600000,Bastion_potion(4),22461,5116,5023,108676
1566111600000,Bastion_potion(4),22461,5168,5706,79143
1578902400000,Bastion_potion(4),22461,5371,5421,92017
1571554800000,Bastion_potion(4),22461,5151,4857,71393
1574841600000,Bastion_potion(4),22461,5121,5000,77903
1577088000000,Bastion_potion(4),22461,4912,5239,109375
1577174400000,Bastion_potion(4),22461,5086,5251,103077
1574928000000,Bastion_potion(4),22461,5248,5003,58208
1565161200000,Bastion_potion(4),22461,5287,5828,68482
1578384000000,Bastion_potion(4),22461,4939,5509,88573
1572678000000,Bastion_potion(4),22461,4854,4985,21780
1577520000000,Bastion_potion(4),22461,5955,5326,64416
1569999600000,Bastion_potion(4),22461,4695,4940,90093
1574236800000,Bastion_potion(4),22461,5176,5112,63583
1573459200000,Bastion_potion(4),22461,4725,5034,75260
1575964800000,Bastion_potion(4),22461,5550,5101,73157
1575705600000,Bastion_potion(4),22461,5275,5043,68317
1579248000000,Bastion_potion(4),22461,5400,5411,71762
1573891200000,Bastion_potion(4),22461,5344,5072,38469
1567234800000,Bastion_potion(4),22461,5056,5366,37889
1566802800000,Bastion_potion(4),22461,5085,5492,64470
1571900400000,Bastion_potion(4),22461,5245,4880,83558
1573200000000,Bastion_potion(4),22461,5131,5027,121976
1566975600000,Bastion_potion(4),22461,5031,5447,4265
1567839600000,Bastion_potion(4),22461,4821,5235,63885
1570086000000,Bastion_potion(4),22461,4636,4924,75050
1570777200000,Bastion_potion(4),22461,4761,4900,83505
1571295600000,Bastion_potion(4),22461,4864,4861,85374
1580025600000,Bastion_potion(4),22461,5535,5432,70808
1569740400000,Bastion_potion(4),22461,5108,4966,61284
1575619200000,Bastion_potion(4),22461,5060,5036,103831
1576396800000,Bastion_potion(4),22461,5677,5236,76619
1569913200000,Bastion_potion(4),22461,4777,4953,58999
1572159600000,Bastion_potion(4),22461,5575,4952,116638
1567580400000,Bastion_potion(4),22461,5042,5282,68527
1565334000000,Bastion_potion(4),22461,5341,5803,138683
1572505200000,Bastion_potion(4),22461,4918,4970,68033
1568012400000,Bastion_potion(4),22461,4883,5197,74478
1575446400000,Bastion_potion(4),22461,4943,5029,49125
1571036400000,Bastion_potion(4),22461,4716,4898,55253
1573027200000,Bastion_potion(4),22461,4927,5016,58831
1566543600000,Bastion_potion(4),22461,5629,5595,135416
1571209200000,Bastion_potion(4),22461,4814,4877,48565
1569222000000,Bastion_potion(4),22461,4935,4992,38550
1568617200000,Bastion_potion(4),22461,5196,5070,75616
1570690800000,Bastion_potion(4),22461,4906,4900,67207
1569654000000,Bastion_potion(4),22461,5090,4964,54543
1571727600000,Bastion_potion(4),22461,4929,4861,93836
1566198000000,Bastion_potion(4),22461,5185,5689,64811
1569567600000,Bastion_potion(4),22461,4894,4962,112922
1567753200000,Bastion_potion(4),22461,4739,5249,125856
1579939200000,Bastion_potion(4),22461,5387,5437,128293
1579334400000,Bastion_potion(4),22461,5237,5411,38042
1576224000000,Bastion_potion(4),22461,5787,5184,80171
1570604400000,Bastion_potion(4),22461,5000,4896,99731
1578297600000,Bastion_potion(4),22461,4980,5528,164270
1570172400000,Bastion_potion(4),22461,4663,4912,88525
1575187200000,Bastion_potion(4),22461,5058,5014,65763
1567148400000,Bastion_potion(4),22461,5050,5397,44142
1577001600000,Bastion_potion(4),22461,5089,5233,80084
1572854400000,Bastion_potion(4),22461,4877,5000,44102
1565852400000,Bastion_potion(4),22461,5251,5747,171898
1565420400000,Bastion_potion(4),22461,5574,5795,63047
1580198400000,Bastion_potion(4),22461,5927,5411,126987
1572246000000,Bastion_potion(4),22461,5356,4961,45595
1576569600000,Bastion_potion(4),22461,5382,5233,80251
1567321200000,Bastion_potion(4),22461,5039,5338,45886
1579680000000,Bastion_potion(4),22461,5335,5428,91256
1578556800000,Bastion_potion(4),22461,5163,5474,147565
1577692800000,Bastion_potion(4),22461,6437,5410,81873
1578470400000,Bastion_potion(4),22461,5005,5486,70323
1575100800000,Bastion_potion(4),22461,5014,5010,96315
1580284800000,Bastion_potion(4),22461,6057,5398,99825
1565074800000,Bastion_potion(4),22461,5399,5848,29899
1570518000000,Bastion_potion(4),22461,4861,4893,43223
1570863600000,Bastion_potion(4),22461,4736,4901,9161
1574668800000,Bastion_potion(4),22461,4783,5029,95884
1577260800000,Bastion_potion(4),22461,5227,5266,69143
1573804800000,Bastion_potion(4),22461,5105,5056,114730
1575532800000,Bastion_potion(4),22461,4953,5031,51870
1568358000000,Bastion_potion(4),22461,4707,5077,81852
1569394800000,Bastion_potion(4),22461,4957,4978,104038
1576137600000,Bastion_potion(4),22461,5538,5153,88144
1567666800000,Bastion_potion(4),22461,4953,5267,63722
1579507200000,Bastion_potion(4),22461,5133,5411,57169
1567926000000,Bastion_potion(4),22461,4884,5220,58247
1571122800000,Bastion_potion(4),22461,4732,4890,12919
1566716400000,Bastion_potion(4),22461,5167,5525,107124
1575014400000,Bastion_potion(4),22461,5136,5007,116478
1564902000000,Bastion_potion(4),22461,5662,5882,118109
1577433600000,Bastion_potion(4),22461,5687,5303,100705
1578211200000,Bastion_potion(4),22461,5240,5538,78652
1568962800000,Bastion_potion(4),22461,5022,5059,105515
1578729600000,Bastion_potion(4),22461,5229,5456,32643
1565506800000,Bastion_potion(4),22461,5790,5788,96354
1568703600000,Bastion_potion(4),22461,5346,5075,49309
1572418800000,Bastion_potion(4),22461,5008,4965,69451
1578988800000,Bastion_potion(4),22461,5416,5413,26149
1568271600000,Bastion_potion(4),22461,4704,5100,66348
1571986800000,Bastion_potion(4),22461,5498,4898,106860
1571468400000,Bastion_potion(4),22461,5259,4853,72654
1576656000000,Bastion_potion(4),22461,5313,5225,84046
1569049200000,Bastion_potion(4),22461,4905,5031,76530
1577347200000,Bastion_potion(4),22461,5470,5284,130852
1566630000000,Bastion_potion(4),22461,5355,5559,75269
1574064000000,Bastion_potion(4),22461,5544,5098,76261
1578643200000,Bastion_potion(4),22461,5322,5466,157503
1577606400000,Bastion_potion(4),22461,6240,5363,97236
1573113600000,Bastion_potion(4),22461,5061,5023,122089
1571641200000,Bastion_potion(4),22461,4981,4860,70361
1572764400000,Bastion_potion(4),22461,4874,4992,96295
1577865600000,Bastion_potion(4),22461,5866,5472,139070
1579852800000,Bastion_potion(4),22461,5287,5440,72085
1573632000000,Bastion_potion(4),22461,4842,5038,75210
1569481200000,Bastion_potion(4),22461,4786,4966,52027
1566284400000,Bastion_potion(4),22461,5311,5669,63705
1565938800000,Bastion_potion(4),22461,5042,5734,48455
1566457200000,Bastion_potion(4),22461,5738,5627,92698
1570258800000,Bastion_potion(4),22461,4649,4902,26999
1573977600000,Bastion_potion(4),22461,5539,5088,117868
1573372800000,Bastion_potion(4),22461,4887,5034,15172
1568098800000,Bastion_potion(4),22461,4794,5164,104116
1571382000000,Bastion_potion(4),22461,5055,4849,137551
1576483200000,Bastion_potion(4),22461,5403,5238,102790
1564988400000,Bastion_potion(4),22461,5569,5866,85873
1573718400000,Bastion_potion(4),22461,4981,5047,83193
1576828800000,Bastion_potion(4),22461,5112,5218,116382
1579420800000,Bastion_potion(4),22461,5122,5412,83890
1578816000000,Bastion_potion(4),22461,5342,5441,65885
1577779200000,Bastion_potion(4),22461,6155,5447,99984
1573286400000,Bastion_potion(4),22461,4996,5030,26541
1565766000000,Bastion_potion(4),22461,5383,5758,91020
1576310400000,Bastion_potion(4),22461,5958,5217,28802
1565247600000,Bastion_potion(4),22461,5228,5812,56899
1567062000000,Bastion_potion(4),22461,5012,5425,116409
1568876400000,Bastion_potion(4),22461,5143,5077,52736
1572940800000,Bastion_potion(4),22461,4877,5008,66493
1580371200000,Bastion_potion(4),22461,5785,5386,61701
1576742400000,Bastion_potion(4),22461,5221,5220,103205
1569826800000,Bastion_potion(4),22461,4933,4962,28986
1579593600000,Bastion_potion(4),22461,5193,5414,117472
1566370800000,Bastion_potion(4),22461,5577,5649,112924
1574150400000,Bastion_potion(4),22461,5369,5105,16835
1575792000000,Bastion_potion(4),22461,5513,5056,87241
1570431600000,Bastion_potion(4),22461,4672,4893,97895
1572591600000,Bastion_potion(4),22461,4941,4978,99762
1570950000000,Bastion_potion(4),22461,4780,4904,122310
1574323200000,Bastion_potion(4),22461,4950,5112,98689
1568444400000,Bastion_potion(4),22461,4879,5065,61681
1574409600000,Bastion_potion(4),22461,4854,5104,93048
1569308400000,Bastion_potion(4),22461,4868,4982,98829
1575360000000,Bastion_potion(4),22461,4984,5027,9384
1569135600000,Bastion_potion(4),22461,4882,5006,102383
1565679600000,Bastion_potion(4),22461,5655,5773,94372
1579161600000,Bastion_potion(4),22461,5289,5408,116860
1576051200000,Grape_seed,13657,4254,4435,2247
1571814000000,Grape_seed,13657,5114,5456,2923
1567407600000,Grape_seed,13657,5764,5240,5860
1566889200000,Grape_seed,13657,5545,5039,359
1567494000000,Grape_seed,13657,5764,5278,697
1577952000000,Grape_seed,13657,3936,4110,1085
1573545600000,Grape_seed,13657,4634,5024,1472
1574582400000,Grape_seed,13657,4446,4751,4889
1568790000000,Grape_seed,13657,5692,5670,3231
1574496000000,Grape_seed,13657,4446,4773,2327
1578038400000,Grape_seed,13657,3846,4093,704
1568185200000,Grape_seed,13657,5860,5513,1390
1576915200000,Grape_seed,13657,4062,4282,3509
1580112000000,Grape_seed,13657,3919,3926,2174
1570345200000,Grape_seed,13657,5462,5712,2751
1566025200000,Grape_seed,13657,5301,4813,1671
1579766400000,Grape_seed,13657,4002,3925,3572
1578124800000,Grape_seed,13657,3846,4076,4298
1568530800000,Grape_seed,13657,5860,5619,2396
1572332400000,Grape_seed,13657,4947,5338,2699
1565593200000,Grape_seed,13657,5060,4772,2351
1572073200000,Grape_seed,13657,5114,5400,3324
1574755200000,Grape_seed,13657,4446,4706,1577
1579075200000,Grape_seed,13657,3915,3944,3056
1575878400000,Grape_seed,13657,4254,4466,510
1575273600000,Grape_seed,13657,4349,4590,3847
1566111600000,Grape_seed,13657,5301,4828,2157
1578902400000,Grape_seed,13657,3915,3960,2662
1571554800000,Grape_seed,13657,5328,5514,2826
1574841600000,Grape_seed,13657,4446,4690,3536
1577088000000,Grape_seed,13657,4062,4256,1599
1577174400000,Grape_seed,13657,4062,4244,2798
1574928000000,Grape_seed,13657,4349,4670,1295
1565161200000,Grape_seed,13657,4834,4771,658
1578384000000,Grape_seed,13657,3846,4033,2439
1572678000000,Grape_seed,13657,4947,5247,612
1577520000000,Grape_seed,13657,3936,4179,2046
1569999600000,Grape_seed,13657,5627,5741,920
1574236800000,Grape_seed,13657,4446,4840,1593
1573459200000,Grape_seed,13657,4634,5047,1357
1575964800000,Grape_seed,13657,4254,4447,2775
1575705600000,Grape_seed,13657,4254,4504,2169
1579248000000,Grape_seed,13657,4002,3937,1194
1573891200000,Grape_seed,13657,4634,4932,1544
1567234800000,Grape_seed,13657,5545,5163,3073
1566802800000,Grape_seed,13657,5545,5011,555
1571900400000,Grape_seed,13657,5114,5437,2599
1573200000000,Grape_seed,13657,4821,5118,3245
1566975600000,Grape_seed,13657,5545,5070,0
1567839600000,Grape_seed,13657,5764,5402,1933
1570086000000,Grape_seed,13657,5627,5737,2932
1570777200000,Grape_seed,13657,5462,5652,2856
1571295600000,Grape_seed,13657,5328,5550,2706
1580025600000,Grape_seed,13657,3919,3926,2723
1569740400000,Grape_seed,13657,5627,5748,2863
1575619200000,Grape_seed,13657,4349,4523,3774
1576396800000,Grape_seed,13657,4254,4384,1609
1569913200000,Grape_seed,13657,5627,5746,1695
1572159600000,Grape_seed,13657,5114,5383,3398
1567580400000,Grape_seed,13657,5764,5309,1750
1565334000000,Grape_seed,13657,4834,4758,4480
1572505200000,Grape_seed,13657,4947,5292,3486
1568012400000,Grape_seed,13657,5860,5459,1362
1575446400000,Grape_seed,13657,4349,4554,1121
1571036400000,Grape_seed,13657,5328,5603,2028
1573027200000,Grape_seed,13657,4821,5160,3344
1566543600000,Grape_seed,13657,5301,4925,2923
1571209200000,Grape_seed,13657,5328,5568,1338
1569222000000,Grape_seed,13657,5692,5727,1302
1568617200000,Grape_seed,13657,5860,5638,1658
1570690800000,Grape_seed,13657,5462,5665,1041
1569654000000,Grape_seed,13657,5627,5745,2349
1571727600000,Grape_seed,13657,5114,5475,4458
1566198000000,Grape_seed,13657,5301,4843,862
1569567600000,Grape_seed,13657,5627,5742,3650
1567753200000,Grape_seed,13657,5764,5371,3964
1579939200000,Grape_seed,13657,3919,3927,4212
1579334400000,Grape_seed,13657,4002,3935,679
1576224000000,Grape_seed,13657,4254,4409,3687
1570604400000,Grape_seed,13657,5462,5678,2906
1578297600000,Grape_seed,13657,3846,4046,4076
1570172400000,Grape_seed,13657,5627,5732,3063
1575187200000,Grape_seed,13657,4349,4610,1591
1567148400000,Grape_seed,13657,5545,5132,508
1577001600000,Grape_seed,13657,4062,4269,2164
1572854400000,Grape_seed,13657,4821,5203,1808
1565852400000,Grape_seed,13657,5060,4792,2891
1565420400000,Grape_seed,13657,5060,4759,1566
1580198400000,Grape_seed,13657,3919,3925,3748
1572246000000,Grape_seed,13657,4947,5360,1684
1576569600000,Grape_seed,13657,4062,4346,2197
1567321200000,Grape_seed,13657,5764,5201,695
1579680000000,Grape_seed,13657,4002,3927,2244
1578556800000,Grape_seed,13657,3846,4005,3275
1577692800000,Grape_seed,13657,3936,4151,6013
1578470400000,Grape_seed,13657,3846,4019,1530
1575100800000,Grape_seed,13657,4349,4630,2720
1580284800000,Grape_seed,13657,3919,3924,3586
1565074800000,Grape_seed,13657,4834,4777,3579
1570518000000,Grape_seed,13657,5462,5692,1345
1570863600000,Grape_seed,13657,5462,5639,363
1574668800000,Grape_seed,13657,4446,4729,4200
1577260800000,Grape_seed,13657,3936,4227,2432
1573804800000,Grape_seed,13657,4634,4955,4533
1575532800000,Grape_seed,13657,4349,4539,2134
1568358000000,Grape_seed,13657,5860,5566,2414
1569394800000,Grape_seed,13657,5692,5737,5567
1576137600000,Grape_seed,13657,4254,4422,2799
1567666800000,Grape_seed,13657,5764,5340,1447
1579507200000,Grape_seed,13657,4002,3931,1183
1567926000000,Grape_seed,13657,5764,5433,962
1571122800000,Grape_seed,13657,5328,5585,415
1566716400000,Grape_seed,13657,5545,4982,2391
1575014400000,Grape_seed,13657,4349,4650,1990
1564902000000,Grape_seed,13657,4616,4790,1296
1577433600000,Grape_seed,13657,3936,4193,5985
1578211200000,Grape_seed,13657,3846,4060,1907
1568962800000,Grape_seed,13657,5692,5696,4941
1578729600000,Grape_seed,13657,3915,3983,804
1565506800000,Grape_seed,13657,5060,4765,1783
1568703600000,Grape_seed,13657,5860,5657,1526
1572418800000,Grape_seed,13657,4947,5315,3579
1578988800000,Grape_seed,13657,3915,3949,715
1568271600000,Grape_seed,13657,5860,5539,2191
1571986800000,Grape_seed,13657,5114,5417,3724
1571468400000,Grape_seed,13657,5328,5526,3330
1576656000000,Grape_seed,13657,4062,4327,3924
1569049200000,Grape_seed,13657,5692,5709,2490
1577347200000,Grape_seed,13657,3936,4210,3917
1566630000000,Grape_seed,13657,5545,4953,952
1574064000000,Grape_seed,13657,4634,4885,1712
1578643200000,Grape_seed,13657,3915,3994,2911
1577606400000,Grape_seed,13657,3936,4165,2848
1573113600000,Grape_seed,13657,4821,5139,4494
1571641200000,Grape_seed,13657,5114,5494,3405
1572764400000,Grape_seed,13657,4947,5224,3290
1577865600000,Grape_seed,13657,3936,4124,3309
1579852800000,Grape_seed,13657,4002,3927,2276
1573632000000,Grape_seed,13657,4634,5001,1767
1569481200000,Grape_seed,13657,5627,5739,1374
1566284400000,Grape_seed,13657,5301,4863,1054
1565938800000,Grape_seed,13657,5060,4799,860
1566457200000,Grape_seed,13657,5301,4904,1559
1570258800000,Grape_seed,13657,5462,5722,1020
1573977600000,Grape_seed,13657,4634,4908,4699
1573372800000,Grape_seed,13657,4821,5075,305
1568098800000,Grape_seed,13657,5860,5486,1614
1571382000000,Grape_seed,13657,5328,5538,3342
1576483200000,Grape_seed,13657,4062,4365,3827
1564988400000,Grape_seed,13657,4834,4784,755
1573718400000,Grape_seed,13657,4634,4978,3098
1576828800000,Grape_seed,13657,4062,4295,3934
1579420800000,Grape_seed,13657,4002,3933,2477
1578816000000,Grape_seed,13657,3915,3971,1016
1577779200000,Grape_seed,13657,3936,4138,1556
1573286400000,Grape_seed,13657,4821,5096,1163
1565766000000,Grape_seed,13657,5060,4785,1226
1576310400000,Grape_seed,13657,4254,4397,434
1565247600000,Grape_seed,13657,4834,4764,609
1567062000000,Grape_seed,13657,5545,5101,2940
1568876400000,Grape_seed,13657,5692,5683,1321
1572940800000,Grape_seed,13657,4821,5182,3109
1580371200000,Grape_seed,13657,3919,3924,1954
1576742400000,Grape_seed,13657,4062,4308,3307
1569826800000,Grape_seed,13657,5627,5750,802
1579593600000,Grape_seed,13657,4002,3929,3453
1566370800000,Grape_seed,13657,5301,4884,3590
1574150400000,Grape_seed,13657,4634,4862,575
1575792000000,Grape_seed,13657,4254,4485,2361
1570431600000,Grape_seed,13657,5462,5702,3769
1572591600000,Grape_seed,13657,4947,5270,3537
1570950000000,Grape_seed,13657,5328,5621,3884
1574323200000,Grape_seed,13657,4446,4818,4270
1568444400000,Grape_seed,13657,5860,5593,2553
1574409600000,Grape_seed,13657,4446,4795,2588
1569308400000,Grape_seed,13657,5692,5732,2658
1575360000000,Grape_seed,13657,4349,4570,603
1569135600000,Grape_seed,13657,5692,5722,4097
1565679600000,Grape_seed,13657,5060,4779,1280
1579161600000,Grape_seed,13657,3915,3939,4088
1576051200000,Cooked_sweetcorn,5988,231,205,21400
1571814000000,Cooked_sweetcorn,5988,164,168,28198
1567407600000,Cooked_sweetcorn,5988,169,179,21967
1566889200000,Cooked_sweetcorn,5988,185,180,3029
1567494000000,Cooked_sweetcorn,5988,169,179,3573
1577952000000,Cooked_sweetcorn,5988,287,249,19511
1573545600000,Cooked_sweetcorn,5988,173,165,22084
1574582400000,Cooked_sweetcorn,5988,201,174,29510
1568790000000,Cooked_sweetcorn,5988,165,172,15212
1574496000000,Cooked_sweetcorn,5988,201,173,46662
1578038400000,Cooked_sweetcorn,5988,287,251,16516
1568185200000,Cooked_sweetcorn,5988,166,177,9091
1576915200000,Cooked_sweetcorn,5988,254,225,35106
1580112000000,Cooked_sweetcorn,5988,253,274,20518
1570345200000,Cooked_sweetcorn,5988,166,166,14754
1566025200000,Cooked_sweetcorn,5988,182,180,41843
1579766400000,Cooked_sweetcorn,5988,263,276,36803
1578124800000,Cooked_sweetcorn,5988,287,253,49534
1568530800000,Cooked_sweetcorn,5988,166,175,19694
1572332400000,Cooked_sweetcorn,5988,158,166,21883
1565593200000,Cooked_sweetcorn,5988,174,182,16765
1572073200000,Cooked_sweetcorn,5988,164,167,40738
1574755200000,Cooked_sweetcorn,5988,201,177,14411
1579075200000,Cooked_sweetcorn,5988,269,272,52194
1575878400000,Cooked_sweetcorn,5988,231,201,9495
1575273600000,Cooked_sweetcorn,5988,220,187,12045
1566111600000,Cooked_sweetcorn,5988,189,180,28171
1578902400000,Cooked_sweetcorn,5988,282,270,22373
1571554800000,Cooked_sweetcorn,5988,168,168,8531
1574841600000,Cooked_sweetcorn,5988,210,178,15084
1577088000000,Cooked_sweetcorn,5988,254,229,25538
1577174400000,Cooked_sweetcorn,5988,265,231,71360
1574928000000,Cooked_sweetcorn,5988,210,180,26254
1565161200000,Cooked_sweetcorn,5988,174,188,16884
1578384000000,Cooked_sweetcorn,5988,293,260,10369
1572678000000,Cooked_sweetcorn,5988,164,165,440
1577520000000,Cooked_sweetcorn,5988,274,239,14365
1569999600000,Cooked_sweetcorn,5988,170,166,19021
1574236800000,Cooked_sweetcorn,5988,192,170,21885
1573459200000,Cooked_sweetcorn,5988,173,165,18729
1575964800000,Cooked_sweetcorn,5988,231,203,11805
1575705600000,Cooked_sweetcorn,5988,231,197,40511
1579248000000,Cooked_sweetcorn,5988,269,274,21995
1573891200000,Cooked_sweetcorn,5988,182,167,11492
1567234800000,Cooked_sweetcorn,5988,177,180,4927
1566802800000,Cooked_sweetcorn,5988,185,180,14532
1571900400000,Cooked_sweetcorn,5988,164,168,33667
1573200000000,Cooked_sweetcorn,5988,173,165,24120
1566975600000,Cooked_sweetcorn,5988,177,180,44
1567839600000,Cooked_sweetcorn,5988,163,178,20679
1570086000000,Cooked_sweetcorn,5988,170,166,12175
1570777200000,Cooked_sweetcorn,5988,172,167,33200
1571295600000,Cooked_sweetcorn,5988,168,168,13311
1580025600000,Cooked_sweetcorn,5988,253,275,25904
1569740400000,Cooked_sweetcorn,5988,170,166,5191
1575619200000,Cooked_sweetcorn,5988,220,195,19295
1576396800000,Cooked_sweetcorn,5988,242,213,15698
1569913200000,Cooked_sweetcorn,5988,170,166,21712
1572159600000,Cooked_sweetcorn,5988,158,167,33353
1567580400000,Cooked_sweetcorn,5988,169,179,13070
1565334000000,Cooked_sweetcorn,5988,174,185,28947
1572505200000,Cooked_sweetcorn,5988,158,166,25752
1568012400000,Cooked_sweetcorn,5988,163,177,20596
1575446400000,Cooked_sweetcorn,5988,220,191,6999
1571036400000,Cooked_sweetcorn,5988,172,167,8194
1573027200000,Cooked_sweetcorn,5988,164,165,23096
1566543600000,Cooked_sweetcorn,5988,185,180,25005
1571209200000,Cooked_sweetcorn,5988,168,168,27613
1569222000000,Cooked_sweetcorn,5988,167,169,21711
1568617200000,Cooked_sweetcorn,5988,165,174,21033
1570690800000,Cooked_sweetcorn,5988,172,167,22800
1569654000000,Cooked_sweetcorn,5988,167,166,2703
1571727600000,Cooked_sweetcorn,5988,164,168,24732
1566198000000,Cooked_sweetcorn,5988,189,180,7267
1569567600000,Cooked_sweetcorn,5988,167,167,9498
1567753200000,Cooked_sweetcorn,5988,163,178,33295
1579939200000,Cooked_sweetcorn,5988,253,275,56709
1579334400000,Cooked_sweetcorn,5988,269,275,5065
1576224000000,Cooked_sweetcorn,5988,242,209,39629
1570604400000,Cooked_sweetcorn,5988,166,166,15360
1578297600000,Cooked_sweetcorn,5988,287,258,57333
1570172400000,Cooked_sweetcorn,5988,170,166,8049
1575187200000,Cooked_sweetcorn,5988,220,186,9144
1567148400000,Cooked_sweetcorn,5988,177,180,13428
1577001600000,Cooked_sweetcorn,5988,254,227,29382
1572854400000,Cooked_sweetcorn,5988,164,165,5540
1565852400000,Cooked_sweetcorn,5988,182,181,39297
1565420400000,Cooked_sweetcorn,5988,174,184,13015
1580198400000,Cooked_sweetcorn,5988,249,273,38755
1572246000000,Cooked_sweetcorn,5988,158,167,10753
1576569600000,Cooked_sweetcorn,5988,242,217,30248
1567321200000,Cooked_sweetcorn,5988,169,179,23016
1579680000000,Cooked_sweetcorn,5988,263,276,25283
1578556800000,Cooked_sweetcorn,5988,293,264,43150
1577692800000,Cooked_sweetcorn,5988,274,243,21599
1578470400000,Cooked_sweetcorn,5988,293,262,14460
1575100800000,Cooked_sweetcorn,5988,210,184,31070
1580284800000,Cooked_sweetcorn,5988,249,272,22436
1565074800000,Cooked_sweetcorn,5988,174,189,4430
1570518000000,Cooked_sweetcorn,5988,166,166,4132
1570863600000,Cooked_sweetcorn,5988,172,167,2575
1574668800000,Cooked_sweetcorn,5988,201,175,19171
1577260800000,Cooked_sweetcorn,5988,265,233,9160
1573804800000,Cooked_sweetcorn,5988,182,166,55685
1575532800000,Cooked_sweetcorn,5988,220,193,13328
1568358000000,Cooked_sweetcorn,5988,166,176,14877
1569394800000,Cooked_sweetcorn,5988,167,168,37964
1576137600000,Cooked_sweetcorn,5988,231,207,38679
1567666800000,Cooked_sweetcorn,5988,169,179,30442
1579507200000,Cooked_sweetcorn,5988,263,275,26437
1567926000000,Cooked_sweetcorn,5988,163,178,8205
1571122800000,Cooked_sweetcorn,5988,168,167,912
1566716400000,Cooked_sweetcorn,5988,185,180,18989
1575014400000,Cooked_sweetcorn,5988,210,182,29447
1564902000000,Cooked_sweetcorn,5988,174,192,23091
1577433600000,Cooked_sweetcorn,5988,265,237,65059
1578211200000,Cooked_sweetcorn,5988,287,256,15440
1568962800000,Cooked_sweetcorn,5988,165,171,28768
1578729600000,Cooked_sweetcorn,5988,282,268,6158
1565506800000,Cooked_sweetcorn,5988,174,183,21741
1568703600000,Cooked_sweetcorn,5988,165,173,2712
1572418800000,Cooked_sweetcorn,5988,158,166,24256
1578988800000,Cooked_sweetcorn,5988,282,272,921
1568271600000,Cooked_sweetcorn,5988,166,176,15896
1571986800000,Cooked_sweetcorn,5988,164,167,56590
1571468400000,Cooked_sweetcorn,5988,168,168,12428
1576656000000,Cooked_sweetcorn,5988,242,219,24918
1569049200000,Cooked_sweetcorn,5988,165,170,12878
1577347200000,Cooked_sweetcorn,5988,265,235,34184
1566630000000,Cooked_sweetcorn,5988,185,180,5548
1574064000000,Cooked_sweetcorn,5988,192,168,25089
1578643200000,Cooked_sweetcorn,5988,293,266,47226
1577606400000,Cooked_sweetcorn,5988,274,241,33432
1573113600000,Cooked_sweetcorn,5988,164,165,25355
1571641200000,Cooked_sweetcorn,5988,164,168,16720
1572764400000,Cooked_sweetcorn,5988,164,165,55292
1577865600000,Cooked_sweetcorn,5988,274,247,36947
1579852800000,Cooked_sweetcorn,5988,253,275,25702
1573632000000,Cooked_sweetcorn,5988,182,165,20219
1569481200000,Cooked_sweetcorn,5988,167,167,11229
1566284400000,Cooked_sweetcorn,5988,189,179,12756
1565938800000,Cooked_sweetcorn,5988,182,180,9800
1566457200000,Cooked_sweetcorn,5988,189,180,3334
1570258800000,Cooked_sweetcorn,5988,166,166,7381
1573977600000,Cooked_sweetcorn,5988,182,167,32396
1573372800000,Cooked_sweetcorn,5988,173,165,5041
1568098800000,Cooked_sweetcorn,5988,163,177,22038
1571382000000,Cooked_sweetcorn,5988,168,168,35116
1576483200000,Cooked_sweetcorn,5988,242,215,39040
1564988400000,Cooked_sweetcorn,5988,174,190,9277
1573718400000,Cooked_sweetcorn,5988,182,166,20107
1576828800000,Cooked_sweetcorn,5988,254,223,28867
1579420800000,Cooked_sweetcorn,5988,263,275,16236
1578816000000,Cooked_sweetcorn,5988,282,269,35018
1577779200000,Cooked_sweetcorn,5988,274,245,33927
1573286400000,Cooked_sweetcorn,5988,173,165,2088
1565766000000,Cooked_sweetcorn,5988,182,181,14105
1576310400000,Cooked_sweetcorn,5988,242,211,15858
1565247600000,Cooked_sweetcorn,5988,174,186,8439
1567062000000,Cooked_sweetcorn,5988,177,180,19772
1568876400000,Cooked_sweetcorn,5988,165,172,10242
1572940800000,Cooked_sweetcorn,5988,164,165,18893
1580371200000,Cooked_sweetcorn,5988,249,271,6739
1576742400000,Cooked_sweetcorn,5988,254,221,16572
1569826800000,Cooked_sweetcorn,5988,170,166,1132
1579593600000,Cooked_sweetcorn,5988,263,276,31402
1566370800000,Cooked_sweetcorn,5988,189,180,29464
1574150400000,Cooked_sweetcorn,5988,192,169,3512
1575792000000,Cooked_sweetcorn,5988,231,199,34092
1570431600000,Cooked_sweetcorn,5988,166,166,19522
1572591600000,Cooked_sweetcorn,5988,158,165,19597
1570950000000,Cooked_sweetcorn,5988,172,167,42645
1574323200000,Cooked_sweetcorn,5988,192,171,25566
1568444400000,Cooked_sweetcorn,5988,166,175,19558
1574409600000,Cooked_sweetcorn,5988,192,171,30008
1569308400000,Cooked_sweetcorn,5988,167,168,5681
1575360000000,Cooked_sweetcorn,5988,220,189,8516
1569135600000,Cooked_sweetcorn,5988,167,169,11794
1565679600000,Cooked_sweetcorn,5988,182,182,22298
1579161600000,Cooked_sweetcorn,5988,269,273,43937
1576051200000,Bronze_hasta(p++),11384,5537,5537,0
1571814000000,Bronze_hasta(p++),11384,5537,5537,0
1567407600000,Bronze_hasta(p++),11384,5537,5537,1
1566889200000,Bronze_hasta(p++),11384,5537,5537,6
1567494000000,Bronze_hasta(p++),11384,5537,5537,0
1577952000000,Bronze_hasta(p++),11384,5537,5537,1
1573545600000,Bronze_hasta(p++),11384,5537,5537,0
1574582400000,Bronze_hasta(p++),11384,5537,5537,0
1568790000000,Bronze_hasta(p++),11384,5537,5537,0
1574496000000,Bronze_hasta(p++),11384,5537,5537,2
1578038400000,Bronze_hasta(p++),11384,5537,5537,0
1568185200000,Bronze_hasta(p++),11384,5537,5537,0
1576915200000,Bronze_hasta(p++),11384,5537,5537,0
1580112000000,Bronze_hasta(p++),11384,5564,5545,0
1570345200000,Bronze_hasta(p++),11384,5537,5537,0
1566025200000,Bronze_hasta(p++),11384,5537,5532,0
1579766400000,Bronze_hasta(p++),11384,5564,5541,0
1578124800000,Bronze_hasta(p++),11384,5537,5537,1
1568530800000,Bronze_hasta(p++),11384,5537,5537,0
1572332400000,Bronze_hasta(p++),11384,5537,5537,0
1565593200000,Bronze_hasta(p++),11384,5537,5528,0
1572073200000,Bronze_hasta(p++),11384,5537,5537,0
1574755200000,Bronze_hasta(p++),11384,5537,5537,0
1579075200000,Bronze_hasta(p++),11384,5537,5537,0
1575878400000,Bronze_hasta(p++),11384,5537,5537,0
1575273600000,Bronze_hasta(p++),11384,5537,5537,0
1566111600000,Bronze_hasta(p++),11384,5537,5532,0
1578902400000,Bronze_hasta(p++),11384,5537,5537,0
1571554800000,Bronze_hasta(p++),11384,5537,5537,0
1574841600000,Bronze_hasta(p++),11384,5537,5537,0
1577088000000,Bronze_hasta(p++),11384,5537,5537,0
1577174400000,Bronze_hasta(p++),11384,5537,5537,0
1574928000000,Bronze_hasta(p++),11384,5537,5537,0
1565161200000,Bronze_hasta(p++),11384,5537,5525,0
1578384000000,Bronze_hasta(p++),11384,5537,5537,246
1572678000000,Bronze_hasta(p++),11384,5537,5537,0
1577520000000,Bronze_hasta(p++),11384,5537,5537,0
1569999600000,Bronze_hasta(p++),11384,5537,5537,0
1574236800000,Bronze_hasta(p++),11384,5537,5537,0
1573459200000,Bronze_hasta(p++),11384,5537,5537,1
1575964800000,Bronze_hasta(p++),11384,5537,5537,0
1575705600000,Bronze_hasta(p++),11384,5537,5537,0
1579248000000,Bronze_hasta(p++),11384,5537,5537,0
1573891200000,Bronze_hasta(p++),11384,5537,5537,0
1567234800000,Bronze_hasta(p++),11384,5537,5537,9
1566802800000,Bronze_hasta(p++),11384,5537,5537,0
1571900400000,Bronze_hasta(p++),11384,5537,5537,0
1573200000000,Bronze_hasta(p++),11384,5537,5537,0
1566975600000,Bronze_hasta(p++),11384,5537,5537,6
1567839600000,Bronze_hasta(p++),11384,5537,5537,0
1570086000000,Bronze_hasta(p++),11384,5537,5537,0
1570777200000,Bronze_hasta(p++),11384,5537,5537,0
1571295600000,Bronze_hasta(p++),11384,5537,5537,0
1580025600000,Bronze_hasta(p++),11384,5564,5544,6
1569740400000,Bronze_hasta(p++),11384,5537,5537,0
1575619200000,Bronze_hasta(p++),11384,5537,5537,0
1576396800000,Bronze_hasta(p++),11384,5537,5537,0
1569913200000,Bronze_hasta(p++),11384,5537,5537,0
1572159600000,Bronze_hasta(p++),11384,5537,5537,0
1567580400000,Bronze_hasta(p++),11384,5537,5537,0
1565334000000,Bronze_hasta(p++),11384,5537,5526,0
1572505200000,Bronze_hasta(p++),11384,5537,5537,1
1568012400000,Bronze_hasta(p++),11384,5537,5537,2
1575446400000,Bronze_hasta(p++),11384,5537,5537,0
1571036400000,Bronze_hasta(p++),11384,5537,5537,0
1573027200000,Bronze_hasta(p++),11384,5537,5537,0
1566543600000,Bronze_hasta(p++),11384,5537,5536,46
1571209200000,Bronze_hasta(p++),11384,5537,5537,0
1569222000000,Bronze_hasta(p++),11384,5537,5537,0
1568617200000,Bronze_hasta(p++),11384,5537,5537,1
1570690800000,Bronze_hasta(p++),11384,5537,5537,0
1569654000000,Bronze_hasta(p++),11384,5537,5537,0
1571727600000,Bronze_hasta(p++),11384,5537,5537,0
1566198000000,Bronze_hasta(p++),11384,5537,5533,0
1569567600000,Bronze_hasta(p++),11384,5537,5537,0
1567753200000,Bronze_hasta(p++),11384,5537,5537,0
1579939200000,Bronze_hasta(p++),11384,5564,5543,2
1579334400000,Bronze_hasta(p++),11384,5537,5537,0
1576224000000,Bronze_hasta(p++),11384,5537,5537,2
1570604400000,Bronze_hasta(p++),11384,5537,5537,0
1578297600000,Bronze_hasta(p++),11384,5537,5537,0
1570172400000,Bronze_hasta(p++),11384,5537,5537,0
1575187200000,Bronze_hasta(p++),11384,5537,5537,1
1567148400000,Bronze_hasta(p++),11384,5537,5537,0
1577001600000,Bronze_hasta(p++),11384,5537,5537,0
1572854400000,Bronze_hasta(p++),11384,5537,5537,0
1565852400000,Bronze_hasta(p++),11384,5537,5530,46
1565420400000,Bronze_hasta(p++),11384,5537,5527,0
1580198400000,Bronze_hasta(p++),11384,5564,5546,0
1572246000000,Bronze_hasta(p++),11384,5537,5537,0
1576569600000,Bronze_hasta(p++),11384,5537,5537,0
1567321200000,Bronze_hasta(p++),11384,5537,5537,0
1579680000000,Bronze_hasta(p++),11384,5564,5540,1
1578556800000,Bronze_hasta(p++),11384,5537,5537,0
1577692800000,Bronze_hasta(p++),11384,5537,5537,0
1578470400000,Bronze_hasta(p++),11384,5537,5537,0
1575100800000,Bronze_hasta(p++),11384,5537,5537,0
1580284800000,Bronze_hasta(p++),11384,5564,5546,0
1565074800000,Bronze_hasta(p++),11384,5537,5524,0
1570518000000,Bronze_hasta(p++),11384,5537,5537,0
1570863600000,Bronze_hasta(p++),11384,5537,5537,0
1574668800000,Bronze_hasta(p++),11384,5537,5537,1
1577260800000,Bronze_hasta(p++),11384,5537,5537,0
1573804800000,Bronze_hasta(p++),11384,5537,5537,0
1575532800000,Bronze_hasta(p++),11384,5537,5537,0
1568358000000,Bronze_hasta(p++),11384,5537,5537,0
1569394800000,Bronze_hasta(p++),11384,5537,5537,1
1576137600000,Bronze_hasta(p++),11384,5537,5537,0
1567666800000,Bronze_hasta(p++),11384,5537,5537,0
1579507200000,Bronze_hasta(p++),11384,5564,5538,1
1567926000000,Bronze_hasta(p++),11384,5537,5537,0
1571122800000,Bronze_hasta(p++),11384,5537,5537,0
1566716400000,Bronze_hasta(p++),11384,5537,5537,0
1575014400000,Bronze_hasta(p++),11384,5537,5537,1
1564902000000,Bronze_hasta(p++),11384,5537,5523,0
1577433600000,Bronze_hasta(p++),11384,5537,5537,0
1578211200000,Bronze_hasta(p++),11384,5537,5537,0
1568962800000,Bronze_hasta(p++),11384,5537,5537,1
1578729600000,Bronze_hasta(p++),11384,5537,5537,0
1565506800000,Bronze_hasta(p++),11384,5537,5527,0
1568703600000,Bronze_hasta(p++),11384,5537,5537,0
1572418800000,Bronze_hasta(p++),11384,5537,5537,0
1578988800000,Bronze_hasta(p++),11384,5537,5537,0
1568271600000,Bronze_hasta(p++),11384,5537,5537,0
1571986800000,Bronze_hasta(p++),11384,5537,5537,0
1571468400000,Bronze_hasta(p++),11384,5537,5537,0
1576656000000,Bronze_hasta(p++),11384,5537,5537,0
1569049200000,Bronze_hasta(p++),11384,5537,5537,1
1577347200000,Bronze_hasta(p++),11384,5537,5537,0
1566630000000,Bronze_hasta(p++),11384,5537,5537,0
1574064000000,Bronze_hasta(p++),11384,5537,5537,0
1578643200000,Bronze_hasta(p++),11384,5537,5537,0
1577606400000,Bronze_hasta(p++),11384,5537,5537,0
1573113600000,Bronze_hasta(p++),11384,5537,5537,1
1571641200000,Bronze_hasta(p++),11384,5537,5537,0
1572764400000,Bronze_hasta(p++),11384,5537,5537,0
1577865600000,Bronze_hasta(p++),11384,5537,5537,0
1579852800000,Bronze_hasta(p++),11384,5564,5542,1
1573632000000,Bronze_hasta(p++),11384,5537,5537,0
1569481200000,Bronze_hasta(p++),11384,5537,5537,0
1566284400000,Bronze_hasta(p++),11384,5537,5534,0
1565938800000,Bronze_hasta(p++),11384,5537,5531,0
1566457200000,Bronze_hasta(p++),11384,5537,5535,0
1570258800000,Bronze_hasta(p++),11384,5537,5537,0
1573977600000,Bronze_hasta(p++),11384,5537,5537,0
1573372800000,Bronze_hasta(p++),11384,5537,5537,0
1568098800000,Bronze_hasta(p++),11384,5537,5537,0
1571382000000,Bronze_hasta(p++),11384,5537,5537,0
1576483200000,Bronze_hasta(p++),11384,5537,5537,0
1564988400000,Bronze_hasta(p++),11384,5537,5523,2
1573718400000,Bronze_hasta(p++),11384,5537,5537,0
1576828800000,Bronze_hasta(p++),11384,5537,5537,0
1579420800000,Bronze_hasta(p++),11384,5564,5537,0
1578816000000,Bronze_hasta(p++),11384,5537,5537,0
1577779200000,Bronze_hasta(p++),11384,5537,5537,0
1573286400000,Bronze_hasta(p++),11384,5537,5537,0
1565766000000,Bronze_hasta(p++),11384,5537,5530,0
1576310400000,Bronze_hasta(p++),11384,5537,5537,0
1565247600000,Bronze_hasta(p++),11384,5537,5525,0
1567062000000,Bronze_hasta(p++),11384,5537,5537,7
1568876400000,Bronze_hasta(p++),11384,5537,5537,0
1572940800000,Bronze_hasta(p++),11384,5537,5537,0
1580371200000,Bronze_hasta(p++),11384,5564,5547,0
1576742400000,Bronze_hasta(p++),11384,5537,5537,0
1569826800000,Bronze_hasta(p++),11384,5537,5537,0
1579593600000,Bronze_hasta(p++),11384,5564,5539,0
1566370800000,Bronze_hasta(p++),11384,5537,5534,0
1574150400000,Bronze_hasta(p++),11384,5537,5537,0
1575792000000,Bronze_hasta(p++),11384,5537,5537,0
1570431600000,Bronze_hasta(p++),11384,5537,5537,0
1572591600000,Bronze_hasta(p++),11384,5537,5537,1
1570950000000,Bronze_hasta(p++),11384,5537,5537,0
1574323200000,Bronze_hasta(p++),11384,5537,5537,0
1568444400000,Bronze_hasta(p++),11384,5537,5537,1
1574409600000,Bronze_hasta(p++),11384,5537,5537,1
1569308400000,Bronze_hasta(p++),11384,5537,5537,0
1575360000000,Bronze_hasta(p++),11384,5537,5537,0
1569135600000,Bronze_hasta(p++),11384,5537,5537,0
1565679600000,Bronze_hasta(p++),11384,5537,5529,0
1579161600000,Bronze_hasta(p++),11384,5537,5537,0
1576051200000,Iron_hasta(p),11386,3087,3087,2
1571814000000,Iron_hasta(p),11386,3097,3097,0
1567407600000,Iron_hasta(p),11386,3097,3097,0
1566889200000,Iron_hasta(p),11386,3097,3097,0
1567494000000,Iron_hasta(p),11386,3097,3097,0
1577952000000,Iron_hasta(p),11386,3087,3087,0
1573545600000,Iron_hasta(p),11386,3087,3094,0
1574582400000,Iron_hasta(p),11386,3087,3090,0
1568790000000,Iron_hasta(p),11386,3097,3097,0
1574496000000,Iron_hasta(p),11386,3087,3091,1
1578038400000,Iron_hasta(p),11386,3087,3087,0
1568185200000,Iron_hasta(p),11386,3097,3097,0
1576915200000,Iron_hasta(p),11386,3087,3087,0
1580112000000,Iron_hasta(p),11386,3087,3087,0
1570345200000,Iron_hasta(p),11386,3097,3097,0
1566025200000,Iron_hasta(p),11386,3097,3097,0
1579766400000,Iron_hasta(p),11386,3087,3087,0
1578124800000,Iron_hasta(p),11386,3087,3087,0
1568530800000,Iron_hasta(p),11386,3097,3097,0
1572332400000,Iron_hasta(p),11386,3097,3097,0
1565593200000,Iron_hasta(p),11386,3097,3097,0
1572073200000,Iron_hasta(p),11386,3097,3097,0
1574755200000,Iron_hasta(p),11386,3087,3090,0
1579075200000,Iron_hasta(p),11386,3087,3087,0
1575878400000,Iron_hasta(p),11386,3087,3087,0
1575273600000,Iron_hasta(p),11386,3087,3088,0
1566111600000,Iron_hasta(p),11386,3097,3097,0
1578902400000,Iron_hasta(p),11386,3087,3087,0
1571554800000,Iron_hasta(p),11386,3097,3097,0
1574841600000,Iron_hasta(p),11386,3087,3089,1
1577088000000,Iron_hasta(p),11386,3087,3087,0
1577174400000,Iron_hasta(p),11386,3087,3087,1
1574928000000,Iron_hasta(p),11386,3087,3089,0
1565161200000,Iron_hasta(p),11386,3097,3097,0
1578384000000,Iron_hasta(p),11386,3087,3087,0
1572678000000,Iron_hasta(p),11386,3097,3097,0
1577520000000,Iron_hasta(p),11386,3087,3087,0
1569999600000,Iron_hasta(p),11386,3097,3097,0
1574236800000,Iron_hasta(p),11386,3087,3092,0
1573459200000,Iron_hasta(p),11386,3087,3095,0
1575964800000,Iron_hasta(p),11386,3087,3087,1
1575705600000,Iron_hasta(p),11386,3087,3087,0
1579248000000,Iron_hasta(p),11386,3087,3087,0
1573891200000,Iron_hasta(p),11386,3087,3093,0
1567234800000,Iron_hasta(p),11386,3097,3097,0
1566802800000,Iron_hasta(p),11386,3097,3097,0
1571900400000,Iron_hasta(p),11386,3097,3097,0
1573200000000,Iron_hasta(p),11386,3087,3096,0
1566975600000,Iron_hasta(p),11386,3097,3097,0
1567839600000,Iron_hasta(p),11386,3097,3097,0
1570086000000,Iron_hasta(p),11386,3097,3097,0
1570777200000,Iron_hasta(p),11386,3097,3097,0
1571295600000,Iron_hasta(p),11386,3097,3097,176
1580025600000,Iron_hasta(p),11386,3087,3087,0
1569740400000,Iron_hasta(p),11386,3097,3097,0
1575619200000,Iron_hasta(p),11386,3087,3087,1
1576396800000,Iron_hasta(p),11386,3087,3087,0
1569913200000,Iron_hasta(p),11386,3097,3097,0
1572159600000,Iron_hasta(p),11386,3097,3097,0
1567580400000,Iron_hasta(p),11386,3097,3097,0
1565334000000,Iron_hasta(p),11386,3097,3097,0
1572505200000,Iron_hasta(p),11386,3097,3097,0
1568012400000,Iron_hasta(p),11386,3097,3097,0
1575446400000,Iron_hasta(p),11386,3087,3087,0
1571036400000,Iron_hasta(p),11386,3097,3097,0
1573027200000,Iron_hasta(p),11386,3087,3096,1
1566543600000,Iron_hasta(p),11386,3097,3097,0
1571209200000,Iron_hasta(p),11386,3097,3097,0
1569222000000,Iron_hasta(p),11386,3097,3097,0
1568617200000,Iron_hasta(p),11386,3097,3097,0
1570690800000,Iron_hasta(p),11386,3097,3097,0
1569654000000,Iron_hasta(p),11386,3097,3097,0
1571727600000,Iron_hasta(p),11386,3097,3097,0
1566198000000,Iron_hasta(p),11386,3097,3097,0
1569567600000,Iron_hasta(p),11386,3097,3097,0
1567753200000,Iron_hasta(p),11386,3097,3097,0
1579939200000,Iron_hasta(p),11386,3087,3087,0
1579334400000,Iron_hasta(p),11386,3087,3087,0
1576224000000,Iron_hasta(p),11386,3087,3087,0
1570604400000,Iron_hasta(p),11386,3097,3097,0
1578297600000,Iron_hasta(p),11386,3087,3087,0
1570172400000,Iron_hasta(p),11386,3097,3097,0
1575187200000,Iron_hasta(p),11386,3087,3088,0
1567148400000,Iron_hasta(p),11386,3097,3097,0
1577001600000,Iron_hasta(p),11386,3087,3087,43
1572854400000,Iron_hasta(p),11386,3097,3097,3
1565852400000,Iron_hasta(p),11386,3097,3097,0
1565420400000,Iron_hasta(p),11386,3097,3097,7
1580198400000,Iron_hasta(p),11386,3087,3087,0
1572246000000,Iron_hasta(p),11386,3097,3097,0
1576569600000,Iron_hasta(p),11386,3087,3087,0
1567321200000,Iron_hasta(p),11386,3097,3097,0
1579680000000,Iron_hasta(p),11386,3087,3087,0
1578556800000,Iron_hasta(p),11386,3087,3087,0
1577692800000,Iron_hasta(p),11386,3087,3087,0
1578470400000,Iron_hasta(p),11386,3087,3087,0
1575100800000,Iron_hasta(p),11386,3087,3088,1
1580284800000,Iron_hasta(p),11386,3087,3087,0
1565074800000,Iron_hasta(p),11386,3097,3097,0
1570518000000,Iron_hasta(p),11386,3097,3097,0
1570863600000,Iron_hasta(p),11386,3097,3097,0
1574668800000,Iron_hasta(p),11386,3087,3090,0
1577260800000,Iron_hasta(p),11386,3087,3087,0
1573804800000,Iron_hasta(p),11386,3087,3093,0
1575532800000,Iron_hasta(p),11386,3087,3087,0
1568358000000,Iron_hasta(p),11386,3097,3097,0
1569394800000,Iron_hasta(p),11386,3097,3097,0
1576137600000,Iron_hasta(p),11386,3087,3087,0
1567666800000,Iron_hasta(p),11386,3097,3097,0
1579507200000,Iron_hasta(p),11386,3087,3087,0
1567926000000,Iron_hasta(p),11386,3097,3097,0
1571122800000,Iron_hasta(p),11386,3097,3097,0
1566716400000,Iron_hasta(p),11386,3097,3097,0
1575014400000,Iron_hasta(p),11386,3087,3089,0
1564902000000,Iron_hasta(p),11386,3097,3097,0
1577433600000,Iron_hasta(p),11386,3087,3087,0
1578211200000,Iron_hasta(p),11386,3087,3087,0
1568962800000,Iron_hasta(p),11386,3097,3097,0
1578729600000,Iron_hasta(p),11386,3087,3087,0
1565506800000,Iron_hasta(p),11386,3097,3097,0
1568703600000,Iron_hasta(p),11386,3097,3097,0
1572418800000,Iron_hasta(p),11386,3097,3097,0
1578988800000,Iron_hasta(p),11386,3087,3087,0
1568271600000,Iron_hasta(p),11386,3097,3097,10
1571986800000,Iron_hasta(p),11386,3097,3097,0
1571468400000,Iron_hasta(p),11386,3097,3097,0
1576656000000,Iron_hasta(p),11386,3087,3087,0
1569049200000,Iron_hasta(p),11386,3097,3097,0
1577347200000,Iron_hasta(p),11386,3087,3087,0
1566630000000,Iron_hasta(p),11386,3097,3097,0
1574064000000,Iron_hasta(p),11386,3087,3092,1
1578643200000,Iron_hasta(p),11386,3087,3087,0
1577606400000,Iron_hasta(p),11386,3087,3087,0
1573113600000,Iron_hasta(p),11386,3087,3096,0
1571641200000,Iron_hasta(p),11386,3097,3097,0
1572764400000,Iron_hasta(p),11386,3097,3097,1
1577865600000,Iron_hasta(p),11386,3087,3087,1
1579852800000,Iron_hasta(p),11386,3087,3087,0
1573632000000,Iron_hasta(p),11386,3087,3094,0
1569481200000,Iron_hasta(p),11386,3097,3097,0
1566284400000,Iron_hasta(p),11386,3097,3097,0
1565938800000,Iron_hasta(p),11386,3097,3097,0
1566457200000,Iron_hasta(p),11386,3097,3097,0
1570258800000,Iron_hasta(p),11386,3097,3097,0
1573977600000,Iron_hasta(p),11386,3087,3093,1
1573372800000,Iron_hasta(p),11386,3087,3095,0
1568098800000,Iron_hasta(p),11386,3097,3097,1
1571382000000,Iron_hasta(p),11386,3097,3097,0
1576483200000,Iron_hasta(p),11386,3087,3087,0
1564988400000,Iron_hasta(p),11386,3097,3097,0
1573718400000,Iron_hasta(p),11386,3087,3094,0
1576828800000,Iron_hasta(p),11386,3087,3087,127
1579420800000,Iron_hasta(p),11386,3087,3087,0
1578816000000,Iron_hasta(p),11386,3087,3087,0
1577779200000,Iron_hasta(p),11386,3087,3087,0
1573286400000,Iron_hasta(p),11386,3087,3095,0
1565766000000,Iron_hasta(p),11386,3097,3097,0
1576310400000,Iron_hasta(p),11386,3087,3087,0
1565247600000,Iron_hasta(p),11386,3097,3097,20
1567062000000,Iron_hasta(p),11386,3097,3097,0
1568876400000,Iron_hasta(p),11386,3097,3097,0
1572940800000,Iron_hasta(p),11386,3097,3097,0
1580371200000,Iron_hasta(p),11386,3087,3087,0
1576742400000,Iron_hasta(p),11386,3087,3087,0
1569826800000,Iron_hasta(p),11386,3097,3097,0
1579593600000,Iron_hasta(p),11386,3087,3087,0
1566370800000,Iron_hasta(p),11386,3097,3097,0
1574150400000,Iron_hasta(p),11386,3087,3092,0
1575792000000,Iron_hasta(p),11386,3087,3087,1
1570431600000,Iron_hasta(p),11386,3097,3097,0
1572591600000,Iron_hasta(p),11386,3097,3097,0
1570950000000,Iron_hasta(p),11386,3097,3097,0
1574323200000,Iron_hasta(p),11386,3087,3091,1
1568444400000,Iron_hasta(p),11386,3097,3097,0
1574409600000,Iron_hasta(p),11386,3087,3091,0
1569308400000,Iron_hasta(p),11386,3097,3097,0
1575360000000,Iron_hasta(p),11386,3087,3087,0
1569135600000,Iron_hasta(p),11386,3097,3097,0
1565679600000,Iron_hasta(p),11386,3097,3097,0
1579161600000,Iron_hasta(p),11386,3087,3087,0
1576051200000,Watermelon,5982,19,18,401564
1571814000000,Watermelon,5982,13,13,2272391
1567407600000,Watermelon,5982,11,11,1299925
1566889200000,Watermelon,5982,11,11,73600
1567494000000,Watermelon,5982,11,11,830002
1577952000000,Watermelon,5982,16,18,916800
1573545600000,Watermelon,5982,17,15,632771
1574582400000,Watermelon,5982,18,16,834245
1568790000000,Watermelon,5982,12,12,729679
1574496000000,Watermelon,5982,18,16,821215
1578038400000,Watermelon,5982,15,18,854301
1568185200000,Watermelon,5982,14,11,559567
1576915200000,Watermelon,5982,19,18,1119131
1580112000000,Watermelon,5982,15,13,787419
1570345200000,Watermelon,5982,13,12,801735
1566025200000,Watermelon,5982,11,12,1224232
1579766400000,Watermelon,5982,13,14,964569
1578124800000,Watermelon,5982,15,18,1408802
1568530800000,Watermelon,5982,13,12,1143242
1572332400000,Watermelon,5982,16,13,613326
1565593200000,Watermelon,5982,12,12,994497
1572073200000,Watermelon,5982,13,13,957740
1574755200000,Watermelon,5982,18,16,510039
1579075200000,Watermelon,5982,10,15,1426821
1575878400000,Watermelon,5982,19,17,216891
1575273600000,Watermelon,5982,18,17,969701
1566111600000,Watermelon,5982,11,12,787758
1578902400000,Watermelon,5982,11,16,1360142
1571554800000,Watermelon,5982,14,13,908086
1574841600000,Watermelon,5982,18,17,646667
1577088000000,Watermelon,5982,19,18,724827
1577174400000,Watermelon,5982,19,18,928052
1574928000000,Watermelon,5982,18,17,520088
1565161200000,Watermelon,5982,12,13,606777
1578384000000,Watermelon,5982,13,17,640489
1572678000000,Watermelon,5982,16,13,228149
1577520000000,Watermelon,5982,19,18,644716
1569999600000,Watermelon,5982,13,12,766104
1574236800000,Watermelon,5982,18,15,312519
1573459200000,Watermelon,5982,17,14,810520
1575964800000,Watermelon,5982,19,18,509583
1575705600000,Watermelon,5982,19,17,690363
1579248000000,Watermelon,5982,11,15,536155
1573891200000,Watermelon,5982,17,15,435167
1567234800000,Watermelon,5982,11,11,304572
1566802800000,Watermelon,5982,11,11,893778
1571900400000,Watermelon,5982,12,13,2062424
1573200000000,Watermelon,5982,17,14,1013953
1566975600000,Watermelon,5982,11,11,69586
1567839600000,Watermelon,5982,14,11,727127
1570086000000,Watermelon,5982,13,12,522361
1570777200000,Watermelon,5982,13,12,925798
1571295600000,Watermelon,5982,14,12,1851197
1580025600000,Watermelon,5982,15,13,990218
1569740400000,Watermelon,5982,13,12,933856
1575619200000,Watermelon,5982,20,17,918691
1576396800000,Watermelon,5982,18,18,647201
1569913200000,Watermelon,5982,13,12,485291
1572159600000,Watermelon,5982,14,13,1279955
1567580400000,Watermelon,5982,12,11,1209167
1565334000000,Watermelon,5982,12,12,1401717
1572505200000,Watermelon,5982,16,13,957739
1568012400000,Watermelon,5982,14,11,692810
1575446400000,Watermelon,5982,19,17,327369
1571036400000,Watermelon,5982,13,12,771628
1573027200000,Watermelon,5982,16,14,601121
1566543600000,Watermelon,5982,12,11,1391967
1571209200000,Watermelon,5982,14,12,715346
1569222000000,Watermelon,5982,12,12,341764
1568617200000,Watermelon,5982,13,12,873449
1570690800000,Watermelon,5982,13,12,512469
1569654000000,Watermelon,5982,13,12,529677
1571727600000,Watermelon,5982,14,13,3007601
1566198000000,Watermelon,5982,11,11,749123
1569567600000,Watermelon,5982,13,12,819206
1567753200000,Watermelon,5982,13,11,1337856
1579939200000,Watermelon,5982,14,13,1060299
1579334400000,Watermelon,5982,11,15,418370
1576224000000,Watermelon,5982,19,18,1001752
1570604400000,Watermelon,5982,13,12,1029621
1578297600000,Watermelon,5982,14,18,2323795
1570172400000,Watermelon,5982,13,12,774905
1575187200000,Watermelon,5982,18,17,476589
1567148400000,Watermelon,5982,11,11,510792
1577001600000,Watermelon,5982,19,18,483654
1572854400000,Watermelon,5982,16,14,432214
1565852400000,Watermelon,5982,11,12,1515155
1565420400000,Watermelon,5982,12,12,488806
1580198400000,Watermelon,5982,15,13,898971
1572246000000,Watermelon,5982,15,13,513073
1576569600000,Watermelon,5982,19,18,379557
1567321200000,Watermelon,5982,11,11,522285
1579680000000,Watermelon,5982,13,14,1133553
1578556800000,Watermelon,5982,12,17,1523005
1577692800000,Watermelon,5982,18,18,1187866
1578470400000,Watermelon,5982,12,17,864710
1575100800000,Watermelon,5982,18,17,621709
1580284800000,Watermelon,5982,15,13,816428
1565074800000,Watermelon,5982,12,13,265373
1570518000000,Watermelon,5982,13,12,492570
1570863600000,Watermelon,5982,13,12,105389
1574668800000,Watermelon,5982,18,16,867832
1577260800000,Watermelon,5982,19,18,376195
1573804800000,Watermelon,5982,17,15,1364343
1575532800000,Watermelon,5982,19,17,318797
1568358000000,Watermelon,5982,13,11,861932
1569394800000,Watermelon,5982,13,12,1496161
1576137600000,Watermelon,5982,19,18,607977
1567666800000,Watermelon,5982,13,11,723510
1579507200000,Watermelon,5982,12,14,594611
1567926000000,Watermelon,5982,14,11,971228
1571122800000,Watermelon,5982,14,12,250658
1566716400000,Watermelon,5982,12,11,1288306
1575014400000,Watermelon,5982,18,17,904898
1564902000000,Watermelon,5982,12,13,841670
1577433600000,Watermelon,5982,19,18,994131
1578211200000,Watermelon,5982,15,18,1051574
1568962800000,Watermelon,5982,12,12,892761
1578729600000,Watermelon,5982,12,16,522095
1565506800000,Watermelon,5982,12,12,739097
1568703600000,Watermelon,5982,12,12,426067
1572418800000,Watermelon,5982,16,13,1072520
1578988800000,Watermelon,5982,10,16,268183
1568271600000,Watermelon,5982,14,11,636181
1571986800000,Watermelon,5982,12,13,1621487
1571468400000,Watermelon,5982,14,13,894564
1576656000000,Watermelon,5982,19,18,584070
1569049200000,Watermelon,5982,12,12,871776
1577347200000,Watermelon,5982,19,18,1027853
1566630000000,Watermelon,5982,12,11,447196
1574064000000,Watermelon,5982,17,15,510365
1578643200000,Watermelon,5982,12,17,1537354
1577606400000,Watermelon,5982,18,18,878919
1573113600000,Watermelon,5982,17,14,969466
1571641200000,Watermelon,5982,15,13,2040056
1572764400000,Watermelon,5982,16,13,971803
1577865600000,Watermelon,5982,17,18,1518237
1579852800000,Watermelon,5982,13,13,531847
1573632000000,Watermelon,5982,17,15,659453
1569481200000,Watermelon,5982,13,12,521759
1566284400000,Watermelon,5982,11,11,738813
1565938800000,Watermelon,5982,11,12,309453
1566457200000,Watermelon,5982,12,11,536949
1570258800000,Watermelon,5982,13,12,331386
1573977600000,Watermelon,5982,17,15,1100350
1573372800000,Watermelon,5982,17,14,153796
1568098800000,Watermelon,5982,14,11,1238662
1571382000000,Watermelon,5982,14,12,1948425
1576483200000,Watermelon,5982,18,18,766167
1564988400000,Watermelon,5982,12,13,747604
1573718400000,Watermelon,5982,17,15,1014725
1576828800000,Watermelon,5982,19,18,863145
1579420800000,Watermelon,5982,12,14,688139
1578816000000,Watermelon,5982,12,16,812408
1577779200000,Watermelon,5982,18,18,1250265
1573286400000,Watermelon,5982,17,14,252340
1565766000000,Watermelon,5982,12,12,622614
1576310400000,Watermelon,5982,18,18,148001
1565247600000,Watermelon,5982,12,12,441934
1567062000000,Watermelon,5982,11,11,1254426
1568876400000,Watermelon,5982,12,12,631021
1572940800000,Watermelon,5982,16,14,880627
1580371200000,Watermelon,5982,15,13,393547
1576742400000,Watermelon,5982,19,18,957756
1569826800000,Watermelon,5982,13,12,312574
1579593600000,Watermelon,5982,12,14,983152
1566370800000,Watermelon,5982,11,11,894010
1574150400000,Watermelon,5982,18,15,157087
1575792000000,Watermelon,5982,19,17,774648
1570431600000,Watermelon,5982,13,12,1026134
1572591600000,Watermelon,5982,16,13,1161325
1570950000000,Watermelon,5982,13,12,1217195
1574323200000,Watermelon,5982,18,16,1024219
1568444400000,Watermelon,5982,13,12,946589
1574409600000,Watermelon,5982,18,16,728785
1569308400000,Watermelon,5982,12,12,1137686
1575360000000,Watermelon,5982,18,17,56946
1569135600000,Watermelon,5982,12,12,1050669
1565679600000,Watermelon,5982,12,12,735740
1579161600000,Watermelon,5982,10,15,1117479
1576051200000,Iron_hasta(p+),11389,2994,2999,0
1571814000000,Iron_hasta(p+),11389,3000,3000,0
1567407600000,Iron_hasta(p+),11389,3000,3000,0
1566889200000,Iron_hasta(p+),11389,3000,3000,0
1567494000000,Iron_hasta(p+),11389,3000,3000,0
1577952000000,Iron_hasta(p+),11389,2994,2994,0
1573545600000,Iron_hasta(p+),11389,3000,3000,0
1574582400000,Iron_hasta(p+),11389,3000,3000,0
1568790000000,Iron_hasta(p+),11389,3000,3000,0
1574496000000,Iron_hasta(p+),11389,3000,3000,0
1578038400000,Iron_hasta(p+),11389,2994,2994,0
1568185200000,Iron_hasta(p+),11389,3000,3000,201
1576915200000,Iron_hasta(p+),11389,2994,2997,182
1580112000000,Iron_hasta(p+),11389,2994,2994,1
1570345200000,Iron_hasta(p+),11389,3000,3000,0
1566025200000,Iron_hasta(p+),11389,3000,3000,0
1579766400000,Iron_hasta(p+),11389,2994,2994,0
1578124800000,Iron_hasta(p+),11389,2994,2994,0
1568530800000,Iron_hasta(p+),11389,3000,3000,0
1572332400000,Iron_hasta(p+),11389,3000,3000,0
1565593200000,Iron_hasta(p+),11389,3000,3000,0
1572073200000,Iron_hasta(p+),11389,3000,3000,0
1574755200000,Iron_hasta(p+),11389,3000,3000,0
1579075200000,Iron_hasta(p+),11389,2994,2994,0
1575878400000,Iron_hasta(p+),11389,2994,2999,0
1575273600000,Iron_hasta(p+),11389,3000,3000,0
1566111600000,Iron_hasta(p+),11389,3000,3000,0
1578902400000,Iron_hasta(p+),11389,2994,2994,0
1571554800000,Iron_hasta(p+),11389,3000,3000,0
1574841600000,Iron_hasta(p+),11389,3000,3000,0
1577088000000,Iron_hasta(p+),11389,2994,2996,112
1577174400000,Iron_hasta(p+),11389,2994,2996,674
1574928000000,Iron_hasta(p+),11389,3000,3000,0
1565161200000,Iron_hasta(p+),11389,3000,3000,0
1578384000000,Iron_hasta(p+),11389,2994,2994,249
1572678000000,Iron_hasta(p+),11389,3000,3000,0
1577520000000,Iron_hasta(p+),11389,2994,2995,0
1569999600000,Iron_hasta(p+),11389,3000,3000,0
1574236800000,Iron_hasta(p+),11389,3000,3000,0
1573459200000,Iron_hasta(p+),11389,3000,3000,0
1575964800000,Iron_hasta(p+),11389,2994,2999,0
1575705600000,Iron_hasta(p+),11389,3000,3000,0
1579248000000,Iron_hasta(p+),11389,2994,2994,0
1573891200000,Iron_hasta(p+),11389,3000,3000,0
1567234800000,Iron_hasta(p+),11389,3000,3000,0
1566802800000,Iron_hasta(p+),11389,3000,3000,0
1571900400000,Iron_hasta(p+),11389,3000,3000,240
1573200000000,Iron_hasta(p+),11389,3000,3000,0
1566975600000,Iron_hasta(p+),11389,3000,3000,0
1567839600000,Iron_hasta(p+),11389,3000,3000,1
1570086000000,Iron_hasta(p+),11389,3000,3000,0
1570777200000,Iron_hasta(p+),11389,3000,3000,0
1571295600000,Iron_hasta(p+),11389,3000,3000,179
1580025600000,Iron_hasta(p+),11389,2994,2994,250
1569740400000,Iron_hasta(p+),11389,3000,3000,0
1575619200000,Iron_hasta(p+),11389,3000,3000,0
1576396800000,Iron_hasta(p+),11389,2994,2998,0
1569913200000,Iron_hasta(p+),11389,3000,3000,0
1572159600000,Iron_hasta(p+),11389,3000,3000,0
1567580400000,Iron_hasta(p+),11389,3000,3000,0
1565334000000,Iron_hasta(p+),11389,3000,3000,0
1572505200000,Iron_hasta(p+),11389,3000,3000,0
1568012400000,Iron_hasta(p+),11389,3000,3000,0
1575446400000,Iron_hasta(p+),11389,3000,3000,0
1571036400000,Iron_hasta(p+),11389,3000,3000,0
1573027200000,Iron_hasta(p+),11389,3000,3000,1
1566543600000,Iron_hasta(p+),11389,3000,3000,0
1571209200000,Iron_hasta(p+),11389,3000,3000,0
1569222000000,Iron_hasta(p+),11389,3000,3000,0
1568617200000,Iron_hasta(p+),11389,3000,3000,0
1570690800000,Iron_hasta(p+),11389,3000,3000,0
1569654000000,Iron_hasta(p+),11389,3000,3000,0
1571727600000,Iron_hasta(p+),11389,3000,3000,0
1566198000000,Iron_hasta(p+),11389,3000,3000,0
1569567600000,Iron_hasta(p+),11389,3000,3000,0
1567753200000,Iron_hasta(p+),11389,3000,3000,0
1579939200000,Iron_hasta(p+),11389,2994,2994,0
1579334400000,Iron_hasta(p+),11389,2994,2994,0
1576224000000,Iron_hasta(p+),11389,2994,2998,0
1570604400000,Iron_hasta(p+),11389,3000,3000,0
1578297600000,Iron_hasta(p+),11389,2994,2994,0
1570172400000,Iron_hasta(p+),11389,3000,3000,0
1575187200000,Iron_hasta(p+),11389,3000,3000,0
1567148400000,Iron_hasta(p+),11389,3000,3000,0
1577001600000,Iron_hasta(p+),11389,2994,2997,0
1572854400000,Iron_hasta(p+),11389,3000,3000,0
1565852400000,Iron_hasta(p+),11389,3000,3000,1
1565420400000,Iron_hasta(p+),11389,3000,3000,0
1580198400000,Iron_hasta(p+),11389,2994,2994,185
1572246000000,Iron_hasta(p+),11389,3000,3000,0
1576569600000,Iron_hasta(p+),11389,2994,2998,0
1567321200000,Iron_hasta(p+),11389,3000,3000,6
1579680000000,Iron_hasta(p+),11389,2994,2994,0
1578556800000,Iron_hasta(p+),11389,2994,2994,0
1577692800000,Iron_hasta(p+),11389,2994,2995,250
1578470400000,Iron_hasta(p+),11389,2994,2994,0
1575100800000,Iron_hasta(p+),11389,3000,3000,0
1580284800000,Iron_hasta(p+),11389,2994,2994,251
1565074800000,Iron_hasta(p+),11389,3000,3000,0
1570518000000,Iron_hasta(p+),11389,3000,3000,0
1570863600000,Iron_hasta(p+),11389,3000,3000,0
1574668800000,Iron_hasta(p+),11389,3000,3000,0
1577260800000,Iron_hasta(p+),11389,2994,2996,0
1573804800000,Iron_hasta(p+),11389,3000,3000,0
1575532800000,Iron_hasta(p+),11389,3000,3000,0
1568358000000,Iron_hasta(p+),11389,3000,3000,2
1569394800000,Iron_hasta(p+),11389,3000,3000,84
1576137600000,Iron_hasta(p+),11389,2994,2999,0
1567666800000,Iron_hasta(p+),11389,3000,3000,0
1579507200000,Iron_hasta(p+),11389,2994,2994,250
1567926000000,Iron_hasta(p+),11389,3000,3000,0
1571122800000,Iron_hasta(p+),11389,3000,3000,0
1566716400000,Iron_hasta(p+),11389,3000,3000,0
1575014400000,Iron_hasta(p+),11389,3000,3000,0
1564902000000,Iron_hasta(p+),11389,3000,3000,0
1577433600000,Iron_hasta(p+),11389,2994,2996,252
1578211200000,Iron_hasta(p+),11389,2994,2994,0
1568962800000,Iron_hasta(p+),11389,3000,3000,0
1578729600000,Iron_hasta(p+),11389,2994,2994,0
1565506800000,Iron_hasta(p+),11389,3000,3000,0
1568703600000,Iron_hasta(p+),11389,3000,3000,0
1572418800000,Iron_hasta(p+),11389,3000,3000,0
1578988800000,Iron_hasta(p+),11389,2994,2994,0
1568271600000,Iron_hasta(p+),11389,3000,3000,1
1571986800000,Iron_hasta(p+),11389,3000,3000,0
1571468400000,Iron_hasta(p+),11389,3000,3000,0
1576656000000,Iron_hasta(p+),11389,2994,2997,0
1569049200000,Iron_hasta(p+),11389,3000,3000,0
1577347200000,Iron_hasta(p+),11389,2994,2996,0
1566630000000,Iron_hasta(p+),11389,3000,3000,0
1574064000000,Iron_hasta(p+),11389,3000,3000,0
1578643200000,Iron_hasta(p+),11389,2994,2994,0
1577606400000,Iron_hasta(p+),11389,2994,2995,0
1573113600000,Iron_hasta(p+),11389,3000,3000,0
1571641200000,Iron_hasta(p+),11389,3000,3000,0
1572764400000,Iron_hasta(p+),11389,3000,3000,0
1577865600000,Iron_hasta(p+),11389,2994,2995,13
1579852800000,Iron_hasta(p+),11389,2994,2994,250
1573632000000,Iron_hasta(p+),11389,3000,3000,0
1569481200000,Iron_hasta(p+),11389,3000,3000,0
1566284400000,Iron_hasta(p+),11389,3000,3000,0
1565938800000,Iron_hasta(p+),11389,3000,3000,0
1566457200000,Iron_hasta(p+),11389,3000,3000,0
1570258800000,Iron_hasta(p+),11389,3000,3000,0
1573977600000,Iron_hasta(p+),11389,3000,3000,0
1573372800000,Iron_hasta(p+),11389,3000,3000,1
1568098800000,Iron_hasta(p+),11389,3000,3000,0
1571382000000,Iron_hasta(p+),11389,3000,3000,0
1576483200000,Iron_hasta(p+),11389,2994,2998,0
1564988400000,Iron_hasta(p+),11389,3000,3000,0
1573718400000,Iron_hasta(p+),11389,3000,3000,0
1576828800000,Iron_hasta(p+),11389,2994,2997,200
1579420800000,Iron_hasta(p+),11389,2994,2994,0
1578816000000,Iron_hasta(p+),11389,2994,2994,0
1577779200000,Iron_hasta(p+),11389,2994,2995,0
1573286400000,Iron_hasta(p+),11389,3000,3000,0
1565766000000,Iron_hasta(p+),11389,3000,3000,0
1576310400000,Iron_hasta(p+),11389,2994,2998,0
1565247600000,Iron_hasta(p+),11389,3000,3000,0
1567062000000,Iron_hasta(p+),11389,3000,3000,0
1568876400000,Iron_hasta(p+),11389,3000,3000,0
1572940800000,Iron_hasta(p+),11389,3000,3000,1
1580371200000,Iron_hasta(p+),11389,2994,2994,1
1576742400000,Iron_hasta(p+),11389,2994,2997,0
1569826800000,Iron_hasta(p+),11389,3000,3000,0
1579593600000,Iron_hasta(p+),11389,2994,2994,0
1566370800000,Iron_hasta(p+),11389,3000,3000,251
1574150400000,Iron_hasta(p+),11389,3000,3000,0
1575792000000,Iron_hasta(p+),11389,2994,2999,1
1570431600000,Iron_hasta(p+),11389,3000,3000,0
1572591600000,Iron_hasta(p+),11389,3000,3000,0
1570950000000,Iron_hasta(p+),11389,3000,3000,0
1574323200000,Iron_hasta(p+),11389,3000,3000,0
1568444400000,Iron_hasta(p+),11389,3000,3000,0
1574409600000,Iron_hasta(p+),11389,3000,3000,0
1569308400000,Iron_hasta(p+),11389,3000,3000,0
1575360000000,Iron_hasta(p+),11389,3000,3000,0
1569135600000,Iron_hasta(p+),11389,3000,3000,0
1565679600000,Iron_hasta(p+),11389,3000,3000,0
1579161600000,Iron_hasta(p+),11389,2994,2994,0
